file,query,search_uuid,rank,title,url,description,snippet_1
beacon-owned-level2.json,,,1,Beacon.li: Enterprise AI Implementation Orchestration Platform,https://www.beacon.li/,Reduce implementation effort and timelines by 60%+ with Beacon’s AI orchestration platform. Watch it run on your product in just 7 days.,"Every workflow and config is built manually—and fragmented point solutions sitting in silos make scaling even harder. Scripts break, and data or configuration mismatches only show up at go-live. A months-long flood of support tickets drains valuable resources and erodes customer trust, driving up churn risk. ... Beacon doesn't give you a better project plan. It learns your product through the UI (no integrations, no APIs, no custom builds) and stitches configuration, data setup, testing, and support into a single repeatable flow so every implementation finishes successfully and goes live faster."
beacon-owned-level2.json,,,2,Beacon.li,https://www.beacon.li/partners,Reduce implementation effort and timelines by 60%+ with Beacon’s AI orchestration platform. Watch it run on your product in just 7 days.,"Join our growing ecosystem of consulting firms, system integrators, and technology vendors helping enterprises unlock measurable business velocity across onboarding, adoption, workflows, and support with AI orchestration."
beacon-owned-level2.json,,,3,Enterprise AI Execution Platform for Complex SaaS Implementations ...,https://www.beacon.li/how-it-works,"Beacon is an AI execution platform for enterprise implementations that automates SaaS configuration, validation, and execution through UI-based AI agents—without APIs or backend access. Powered by knowledge graphs and agentic UI automation.","Beacon builds a living map of your product's configuration logic, workflow dependencies, and customer-specific patterns."
beacon-owned-level2.json,,,4,Product Overview | Beacon.li,https://www.beacon.li/beacon-features,Reduce implementation effort and timelines by 60%+ with Beacon’s AI orchestration platform. Watch it run on your product in just 7 days.,Beacon is the AI implementation orchestration platform that automates the actual work of enterprise implementations—turning months-long deployment cycles into weeks.
beacon-owned-level2.json,,,5,Beacon.li Customers & Case Studies | AI Implementation ...,https://www.beacon.li/customers,Reduce implementation effort and timelines by 60%+ with Beacon’s AI orchestration platform. Watch it run on your product in just 7 days.,"Leading Fintech automated Cash Application onboarding and achieved 85% faster handovers, 60% fewer config defects, and 30% lower implementation costs."
beacon-owned-level2.json,,,6,AI Orchestration for B2B Fintech Implementations | Beacon.li,https://www.beacon.li/industry/b2b-fintech,"AI orchestration for B2B fintech that automates implementations, onboarding, and go-lives. See Beacon run on your product in 7 days.",Organizations using Beacon experience tangible improvements across delivery operations and help enterprise SaaS organizations deliver implementations that customers trust. Faster implementation timelines for complex financial products · Faster implementation timelines for complex financial products ... No Integration. No Cost. No Risk. See Beacon Orchestrate an B2B FinTech Implementation · We’ll set up Beacon on a demo version of your platform.
beacon-owned-level2.json,,,7,"AI for Enterprise SaaS Implementations, Guide for Delivery & PS ...",https://www.beacon.li/blog/ai-enterprise-saas-implementations-guide,"Discover how AI for enterprise SaaS implementations transforms onboarding, delivery, and workflows with real data, use cases, and best practices.","Platforms like Beacon play a critical role in enabling this transformation by acting as the execution engine behind these workflows, allowing teams to manage outcomes rather than individual tasks. AI is already being applied across a range of implementation scenarios. In customer onboarding, AI systems can coordinate the setup of multiple applications, ensuring that all necessary configurations and integrations are completed efficiently."
beacon-owned-level2.json,,,8,"About Beacon.li | Founders, Vision, Mission & Investors",https://www.beacon.li/about-us,"Meet the team behind Beacon.li — an AI orchestration platform on a mission to make enterprise SaaS implementation effortless, consistent, and faster for every company.","Our platform blends policy-driven automation, test orchestration, and contextual AI to remove repetitive engineering effort and surface a reliable, repeatable path to launch and long-term adoption. ... Rakesh brings extensive experience in scaling consumer-focused technology companies, with leadership roles at Pharmeasy, Nestaway, and Gear6. His vision drives Beacon's mission to transform user onboarding experiences."
beacon-owned-level2.json,,,9,Overview | beacon.li,https://www.beacon.li/overview,"Beacon turns enterprise software into an agentic, self-driving experience. Trained directly on your product’s UI, Beacon’s AI agents automate onboarding, guide adoption, execute multi-step workflows, and resolve L1–L3 support issues - all without backend integrations or manual upkeep.","See how enterprise teams leverage AI Orchestration and Enterprise AI Agents for measurable ROI. Traditional implementations require months of manual configuration, system integration, and user training."
beacon-owned-level2.json,,,10,BFSI | beacon.li,https://www.beacon.li/bfsi-agentic-automation,"Beacon sits above your BFSI platforms without any APIs or integrations required, and becomes your operational AI layer. It observes interfaces, learns flows, and executes actions like an expert. Accelerate sign-ups and onboarding with guided, intelligent workflows Automate sign ups and onboarding ...","Beacon sits above your BFSI platforms without any APIs or integrations required, and becomes your operational AI layer. It observes interfaces, learns flows, and executes actions like an expert. Accelerate sign-ups and onboarding with guided, intelligent workflows Automate sign ups and onboarding by matching customers to the right product, validating documents, and streamlining KYC."
benchmarks-ai-implementation-level2.json,,,1,"The Big Consulting AI Frameworks, Compared (2026) | Consulting Huber",https://consulting-huber.com/ai-consulting-frameworks-compared.html,"A practitioner benchmark of how ten major consulting firms — BCG, McKinsey, Deloitte, EY, PwC, KPMG, Accenture, Bain, Capgemini and IBM — frame AI and GenAI transformation in 2026. Methodologies, investment figures, signature platforms, and flagship research compared side by side.","A practitioner benchmark of how BCG, McKinsey, Deloitte, EY, PwC, KPMG, Accenture, Bain, Capgemini and IBM frame AI transformation in 2026."
benchmarks-ai-implementation-level2.json,,,2,Top 10 AI Consulting Firms in 2026 - Copilot Experts,https://copilot-experts.com/top-ai-consulting-firm/,"Looking for the best AI partner? Compare the top 10 AI consulting firms in 2026, from global enterprise leaders to Microsoft 365 AI specialists for SMBs.","The dominant firms are Accenture, IBM Consulting, McKinsey/QuantumBlack, Deloitte, and BCG — all operating massively scaled US-based AI practices. For SMBs and mid-market US businesses deploying Microsoft 365, Copilot Experts offers a significantly more focused and cost-effective alternative."
benchmarks-ai-implementation-level2.json,,,3,8 Top AI Consulting Companies to Consider: 2026 Review + Comparison ...,https://www.aikenhouse.com/post/8-top-ai-consulting-companies-to-consider-2026-review-comparison,A practical guide for business leaders evaluating AI consulting and agent deployment partners in 2026,"Pilot before committing. Set measurable outcomes before kickoff. Meet the delivery team, not just the partners who sold the engagement. ... The eight firms on this list cover a wide range of approaches, price points, and areas of strength. For large enterprises managing multi-year, multi-department AI transformations with significant change-management requirements, Accenture, McKinsey, QuantumBlack, and Deloitte remain strong choices."
benchmarks-ai-implementation-level2.json,,,4,Why 90% of Enterprise AI Implementations Fail (2026),https://talyx.ai/insights/enterprise-ai-implementation-failure,"Root cause analysis of enterprise AI failure rates drawing on RAND, Gartner, BCG, and McKinsey research. Five prevention strategies (2026).","Just 22% are beginning to realize substantial gains. The remaining 74% struggle to generate tangible value. BCG ""The Widening AI Value Gap"" (September 2025): An updated survey of 1,250 respondents found the situation worsening: 60% generate no material value despite continued investment, and only 5% create substantial value at scale. McKinsey Global AI Survey (November 2025): Of organizations surveyed, 88% now use AI in at least one function, but only 39% see any EBIT impact."
benchmarks-ai-implementation-level2.json,,,5,Big Five Consulting: Betting Billions on AI Partnerships by Virtasant,https://www.virtasant.com/ai-today/big-five-consulting-betting-billions-on-ai-partnerships,"Top AI consulting firms leverage strategic tech partnerships to dominate enterprise AI, revealing vastly different visions of the market's future.","Accenture: Committed $3 billion to expanding its Data & AI practice; plans to double its AI workforce to 80,000 specialists · McKinsey: Continues to grow QuantumBlack, with approximately 5,000 AI experts and strategic acquisitions like Iguazio · BCG: Expanding BCG X, its tech build and design unit with approximately 3,000 engineers · Bain: Equipped its entire 18,000-person team with AI tools while acquiring firms like Max Kelsen · Deloitte: Building capabilities through acquisitions like OpTeamizer and partnerships with companies like NVIDIA"
benchmarks-ai-implementation-level2.json,,,6,How AI Is Reshaping Consulting in 2026 | Whitehat,https://whitehat-seo.co.uk/blog/ai-impact-on-consulting,"How AI is reshaping the consulting industry in 2026: adoption rates, Big Four investments exceeding $10 billion, new business models, and what UK businesses should do now.","McKinsey leads on internal AI infrastructure with Lilli deployed to 72% of 45,000 employees. Deloitte leads on investment scale at $3 billion through 2030. KPMG is notable for making AI use mandatory across all staff. EY and BCG lead on AI agent development and outcomes-based billing. Accenture leads on AI revenue, reporting $3.6 billion in AI bookings in FY2025 — a 120% year-on-year increase."
benchmarks-ai-implementation-level2.json,,,7,AI Consulting Business: Complete Guide 2025 | Services & Market,https://www.articsledge.com/post/ai-consulting-business,"AI consulting business is booming—$11B in 2025, $90B by 2035! Learn how to launch, price, and scale your AI empire today!","Discover the AI consulting business market worth $90B by 2035. Learn pricing models, service types, how to start, and real case studies with documented ROI."
benchmarks-ai-implementation-level2.json,,,8,"Consulting firms like Accenture, Deloitte, KPMG, and ...",https://www.linkedin.com/posts/ashish-chaturvedi-analyst_a-recent-cb-insights-map-of-ai-partnerships-activity-7382617276929204224-7Kgh,,
benchmarks-ai-implementation-level2.json,,,9,Why AI Pilots Fail to Scale: 7 Root Causes Enterprise Leaders Miss,https://aiassemblylines.com/post/why-ai-pilots-fail-to-scale,"80% of enterprise AI pilots never reach production scale - and most fail for the same 7 reasons. If your pilot worked in demo but is stalling now, here's what's actually blocking it.","Most enterprise AI pilots that stall do so not because the underlying capability failed to perform but because the organizational infrastructure required to operationalize that capability was never built. According to BCG's Build for the Future 2025 study, roughly 60% of companies across a survey of 1,250 senior executives have yet to realize measurable value from AI."
benchmarks-ai-implementation-level2.json,,,10,"BCG report: AI value gap widens, future-built companies lead",https://www.linkedin.com/posts/benjamin-rehberg_the-widening-ai-value-gap-activity-7379155605183287296-imzC,,
benchmarks-dap-roi-level2.json,,,1,Best Digital Adoption Platforms 2026: Top 10 Compared | Pendo.io,https://www.pendo.io/pendo-blog/top-10-digital-adoption-platforms/,"Compare the top 10 digital adoption platforms of 2026. Expert analysis of Pendo, WalkMe, Whatfix, Appcues & more—including features, pricing, AI capabilities, and G2 ratings. Find the best DAP for your team.","Pendo was designed for product-led companies where user experience drives revenue. While other DAPs such as WalkMe and Whatfix focus primarily on employee training, Pendo supports both internal adoption and customer-facing product experiences—critical for AI and SaaS companies where product is the growth engine."
benchmarks-dap-roi-level2.json,,,2,WalkMe vs. Pendo vs. Whatfix | Why choose the #1 digital adoption ...,https://www.walkme.com/walkme-vs-pendo-vs-whatfix/,"Compare WalkMe vs. Pendo vs. Whatfix and see why WalkMe is the only AI-powered DAP built for enterprise security, automation, and scalability.","Compare WalkMe vs. Pendo vs. Whatfix and see why WalkMe is the only AI-powered DAP built for enterprise security, automation, and scalability. Discover how WalkMe eliminates manual updates, reduces IT workload by 50%, and delivers 85% ROI."
benchmarks-dap-roi-level2.json,,,3,Digital adoption platform alternatives compared: find the right ...,https://usetandem.ai/blog/compare-digital-adoption-platforms,"Compare 10 digital adoption platforms side by side — Pendo, WalkMe, Appcues, Whatfix, and more. Honest evaluation criteria, pricing context, and a decision framework to find the right fit.","If you're an enterprise deploying internal tools (ERP, CRM, HCM) across thousands of employees with a dedicated IT team and six-figure budget: evaluate WalkMe and Whatfix. They're built for that environment. If you need deep product analytics integrated with in-app guides and you don't already have a dedicated analytics tool: Pendo or Gainsight PX (especially if you're already in the Gainsight ecosystem) are worth evaluating. If you're a small team on a budget that needs basic onboarding fast: Appcues, Userflow, or Chameleon will get you started quickly at a lower price point."
benchmarks-dap-roi-level2.json,,,4,12 best digital adoption platforms for 2026 - Guideflow Blog,https://www.guideflow.com/blog/best-digital-adoption-platforms,Discover 12 best digital adoption platforms (DAPs) to overlay your product and guide users with in-app walkthroughs and automation.,"A DAP provides guidance inside the application at the moment of need, while traditional onboarding relies on separate training sessions, documentation, or videos that users reference outside their workflow. The best platform depends on your use case. WalkMe and Whatfix excel at enterprise application friction. Pendo and Appcues work well for SaaS product friction."
benchmarks-dap-roi-level2.json,,,5,"r/SaaS on Reddit: Which is better for digital adoption, WalkMe ...",https://www.reddit.com/r/SaaS/comments/1r4qp0e/which_is_better_for_digital_adoption_walkme_or/,"We're struggling with tool adoption at my company, especially with new hires. So we're starting a process of finding a digital adoption platform. We…","For Salesforce integration specifically, Pendo's analytics dashboard is chef's kiss - you can actually see where people are getting stuck in real time which is invaluable for tweaking your onboarding flows. ... WalkMe is the market leader with solid feature depth but is super expensive. Pendo seems like a good product but I think they're more focused on helping SaaS companies on the publisher side. Lemon Learning was really good for the price and had all the features we needed but goes less deep on analytics. Whatfix seemed solid but looked very complex to use with a lot of customization to set up."
benchmarks-dap-roi-level2.json,,,6,5 Best Digital Adoption Platforms I'd Pick in 2026,https://learn.g2.com/best-digital-adoption-platform,"I compared 20+ best digital adoption platforms for 2026. Whatfix, WalkMe, and UserPilot top the list as per G2 reviews, to help your team onboard faster.","For small businesses, UserGuiding is a strong fit thanks to its transparent MAU-based pricing, fast no-code setup, and core onboarding features that don't require technical resources. Its Starter plan begins at $174/mo billed annually, and most teams are live with their first guide within hours. Tango is also worth considering for very lean teams, its free plan covers individual workflow documentation needs and the Pro plan starts at just $26/user/mo. Whatfix and WalkMe are frequently highlighted as leading choices for maximizing software ROI."
benchmarks-dap-roi-level2.json,,,7,Best Digital Adoption Platforms Reviews 2026 | Gartner Peer Insights,https://www.gartner.com/reviews/market/digital-adoption-platforms,Find the top Digital Adoption Platforms with Gartner. Compare and filter by verified product reviews and choose the software that’s right for your organization.,WalkMe Digital Adoption Platform assists businesses in increasing operational productivity and minimizing user errors by ensuring software features are utilized effectively and employees adapt to new technologies with greater ease. ... Whatfix is the AI-native Digital Adoption Platform built for the modern enterprise.
benchmarks-dap-roi-level2.json,,,8,10 Best Digital Adoption Platforms by Use Case (2026),https://apty.ai/blog/best-digital-adoption-platforms/,Explore the 10 best digital adoption platforms in 2026. Compare tools by use case to find the right solution for improving software adoption and user productivity.,"Apty — Best for enterprise process adoption, cross-application workflows, and execution-driven ROI · WalkMe — Best for large-scale change management and highly regulated enterprise environments · Whatfix — Best for guided employee onboarding and in-app training programs · Pendo — Best for product usage analytics and data-driven feature adoption"
benchmarks-dap-roi-level2.json,,,9,8 Best WalkMe Competitors for Customer-Facing Teams (2026),https://www.appcues.com/blog/best-walkme-alternatives-2026,"Since SAP's acquisition, WalkMe is focused on employee adoption. Compare 8 customer-facing digital adoption platforms by pricing, setup speed, and cross-channel reach for 2026.","Pendo is the best WalkMe alternative if product analytics is your priority and in-app guidance is a supporting capability. If engagement is the priority, consider a tool built for that purpose first. See the full 2026 comparison. Whatfix is the WalkMe alternative that most closely resembles WalkMe itself - a full-scale enterprise digital adoption platform built for large organizations with complex compliance, training, and customer onboarding requirements."
benchmarks-dap-roi-level2.json,,,10,9 WalkMe Alternatives for Digital Adoption in 2026,https://www.fullstory.com/blog/walkme-alternatives/,"WalkMe alternatives compared across guide builders, product analytics, and behavior-backed adoption platforms. Nine options were evaluated for use-case fit, behavioral data depth, and deployment complexity, so you can find the right platform before you build a single walkthrough.","Smaller market presence than WalkMe, Whatfix, or Pendo. Fewer community resources, third-party integrations, and implementation partners. No automatic frustration detection. Rage clicks, dead clicks, and error patterns don't surface. UserGuiding is a no-code onboarding tool for startups and small SaaS teams."
benchmarks-implementation-level2.json,,,1,SaaS Implementation Cost Model | CFO Pro Analytics,https://cfoproanalytics.com/cfo-wiki/saas/designing-a-saas-implementation-cost-model/,"TL;DR: Implementation costs are the services required to get customers live on your product. Key factors influencing SaaS implementation costs include team composition, project scope, and feature complexity, all of which can significantly affect the overall budget and timeline.","The type of hosting arrangement (cloud-based vs. on-premises) can significantly influence implementation requirements and costs, as cloud-based SaaS solutions may require different onboarding, integration, and support resources compared to on-premises deployments. Component 3: Monthly Implementation Capacity Required · Calculate total hours needed: – Enterprise: 2 customers × 100 hours = 200 hours – Mid-market: 8 customers × 50 hours = 400 hours – SMB: 15 customers × 25 hours = 375 hours – Total: 975 hours monthly (Learn how to forecast patient volume accurately using a CFO framework.)"
benchmarks-implementation-level2.json,,,2,SaaS Implementation in 2026 (Best Practices + Checklist),https://www.storylane.io/blog/saas-implementation-checklist,Want to drive user adoption for your SaaS platform? Learn the art of SaaS implementation to discover how to roll out a product your users will love,SaaS implementation can be as simple as providing the client with onboarding materials and an interactive product demo or as complex as a month-long implementation period to integrate your software into their current IT infrastructure.
benchmarks-implementation-level2.json,,,3,How do I create an implementation process for my SaaS B2B company ...,https://infiniterenewals.com/blog/tthe-ipop-the-implementation-process-optimization-plan,Need to create or redo your SaaS B2B implementation plan? Follow these steps for the most important post sales activities,"The 77-page Customer Success HubSpot Workspace Operator's Manual covers the complete Four Rs implementation: framework breakdown, health score configuration guide, risk playbook templates, migration guide from Gainsight/ChurnZero/Planhat, tab-by-tab CS Workspace reference, AI agent deployment (Customer Health Agent, Handoff Agent, Customer Agent), real case studies with measurable results, and full TCO comparison tables."
benchmarks-implementation-level2.json,,,4,Why SaaS implementations fail: 11 customer implementation mistakes ...,https://churnzero.com/blog/saas-implementation/,The most common pitfalls of SaaS implementations tend to arise from the perception that implementation is free. This leads to a number of problems.,"If the sales team is responsible for securing the deals, customer success becomes responsible for delivering on any promises made. It’s crucial to have a good handoff and review the contract, costs, deadlines, deliverables and anything else that was involved in winning a customer."
benchmarks-implementation-level2.json,,,5,A complete guide to SaaS implementation in 2024 Vertice | Vertice ...,https://www.vertice.one/explore/saas-implementation,"The Vertice guide to effective software implementation, including benefits, step-by-step processes and SaaS implementation FAQs.","Successful software implementation also lowers the churn rate and the need to invest and onboard again, making the process as cost-effective as possible. Whether you’re a startup or a large enterprise, best practices around implementing SaaS are more or less the same."
benchmarks-implementation-level2.json,,,6,Time to Value: The 2026 SaaS Onboarding Metrics Framework,https://www.digitalapplied.com/blog/customer-onboarding-time-to-value-2026-saas-metrics-framework,"Two-thirds of new SaaS users never reach the aha moment. A 2026 framework for activation events, the 7% retention rule, and compressing time to value.","Compressing TTV is the front end of a chain that runs through churn prediction models and into net revenue retention benchmarks. The same cohort instrumentation powers all three. Operationally, the workflow layer that executes the nudges and handoffs is client onboarding automation, and the upgrade triggers it surfaces feed directly into subscription pricing decisions."
benchmarks-implementation-level2.json,,,7,SaaS Customer Onboarding Guide: Best Practices & Templates,https://www.dock.us/library/customer-onboarding,Streamline customer onboarding with Dock. Get our free onboarding template and learn 7 best practices to scale onboarding without sacrificing quality.,"Your Customer Success team will quarterback this process, but here's what separates good onboarding from great onboarding: getting your entire revenue team involved. Sales, marketing, and CS have to work together if you want flawless handoffs and consistent client experiences. In the B2B SaaS world, this typically means kickoff meetings, technical integration, role-based training, change management support, and success planning. But the exact approach varies widely—enterprise customer onboarding is different from small business onboarding, and high-touch processes look nothing like tech-touch models."
benchmarks-implementation-level2.json,,,8,The Complete SaaS Implementation Guide 2026 for Smooth Adoption,https://www.spendflo.com/blog/saas-implementation,"Check out the 9 essential SaaS implementation steps to boost productivity and performance, from assessing needs to optimizing and training for success.",SaaS tools are necessary for modern businesses that want to stay ahead of the competition. An effective SaaS implementation strategy ensures your team gets the most out of all the benefits SaaS offers. Read on to learn how to start doing it.
benchmarks-implementation-level2.json,,,9,SaaS Implementation - Best Practices and Mistakes to Avoid | Walnut,https://www.walnut.io/blog/sales-tips/saas-implementation-best-practices-and-mistakes-to-avoid/,Simplify your SaaS implementation with best practices and avoid costly mistakes. Learn how to ensure smooth adoption and maximize ROI.,"A hybrid approach blends elements of self-guided and enterprise implementation, making it the most versatile choice for mid-sized businesses or organizations with moderately complex needs. This strategy might include access to self-paced onboarding materials supplemented by live support from the SaaS provider."
benchmarks-implementation-level2.json,,,10,"SaaS Implementation Guide: Steps, Best Practices & Success Stories",https://www.phenom.com/blog/saas-implementation-guide,"Master SaaS implementation with step-by-step guidance, proven HR tech strategies, and success stories from leading organizations.","Thales achieved 24% faster time-to-hire, 15 recruiter hours saved weekly, over 150,000 automations used, and grew adoption from 20% to 95% within 18 months, sourcing 4,500+ hires through Fit Scores or rediscovered leads. PT Solutions improved candidate handoffs and made first hires from AI-suggested candidates in hard-to-fill locations."
benchmarks-onboarding-level2.json,,,1,Time to Value: The 2026 SaaS Onboarding Metrics Framework,https://www.digitalapplied.com/blog/customer-onboarding-time-to-value-2026-saas-metrics-framework,"Two-thirds of new SaaS users never reach the aha moment. A 2026 framework for activation events, the 7% retention rule, and compressing time to value.","A signup looks like success. A completed profile looks like engagement. A finished product tour looks like onboarding. But Amplitude's 2025 Product Benchmark Report, spanning more than 2,600 companies, found that more than 98% of new users churn within two weeks when they have not hit a real value milestone in that window."
benchmarks-onboarding-level2.json,,,2,SaaS Customer Onboarding Guide: Solving Challenges to Success,https://www.custify.com/blog/saas-customer-onboarding-guide/,"The definitive guide on how customer onboarding can fundamentally influence lifetime value, and to optimize for client retention and loyalty.",An onboarding tool will allow us to see how many users complete the initial activation stages within our product and move on to product adoption. An onboarding tool will help with handoffs from Sales to Success and allow us to create custom onboarding journeys for each user segment or for large accounts. An onboarding tool can help identify critical areas and friction points during onboarding that cause users to churn or lose interest in the product.
benchmarks-onboarding-level2.json,,,3,SaaS Customer Onboarding Metrics & KPIs: What to Measure (2026),https://www.valuecase.com/articles/customer-onboarding-metrics-kpis,"The SaaS customer onboarding KPIs that matter – time to value, time to first value, completion rate, activation rate, and cycle time – plus how to instrument them and act on stalled accounts before they churn at renewal.","It varies widely by product complexity and customer segment, so a single benchmark is misleading. Set your baseline from your own historical completion data, then improve it. The more useful question is where in the plan incomplete accounts drop off – that points to the fix. Define the product actions that separate retained accounts from churned ones, instrument them as events in a product analytics tool, and measure the share of new customers who hit them within your onboarding window."
benchmarks-onboarding-level2.json,,,4,How to Measure Onboarding Completion Rates: A Strategic Guide for ...,https://www.getmonetizely.com/articles/how-to-measure-onboarding-completion-rates-a-strategic-guide-for-saas-executives,"Introduction In today's competitive SaaS landscape, a smooth onboarding experience isn't just a nice-to-have—it's a critical business driver. Research","Yet despite its importance, many SaaS companies struggle to effectively measure onboarding completion rates, leading to missed opportunities for revenue growth and reduced churn. This article explores proven methodologies for measuring onboarding completion, establishing meaningful benchmarks, and leveraging these insights to drive business outcomes. Onboarding completion rates serve as a vital indicator of early product success."
benchmarks-onboarding-level2.json,,,5,Reducing SaaS Churn with Customer Onboarding,https://www.cloudshare.com/blog/customer-onboarding-in-reducing-saas-churn/,Find out why customer onboarding plays a crucial role in reducing churn for SaaS companies and learn best practices for onboarding.,"Pre-sales expectation setting Churn often begins with misaligned expectations. Clear communication during the sales process ensures customers understand what the product can and cannot do. This builds trust and reduces early disappointment. Activation and first value The initial experience should guide users to a meaningful outcome as quickly as possible. Whether it is completing a workflow or achieving a specific result, early success reinforces the decision to adopt the product."
benchmarks-onboarding-level2.json,,,6,SaaS Onboarding Flow: 10 Best Practices That Reduce Churn (2026),https://designrevision.com/blog/saas-onboarding-best-practices,"The 10 SaaS onboarding best practices that top products use to activate users faster, reduce churn by up to 50%, and boost retention. Covers welcome screens, checklists, personalization, time-to-value optimization, and onboarding templates you can implement today.","Measure onboarding success through four key metrics: completion rate (percentage of users who finish the flow), time-to-value (how quickly users reach their first success), activation rate (percentage completing the core value action), and 7-day retention (percentage returning after the first week). Track cohort analysis to compare onboarding versions. A strong activation rate is 40 to 60 percent, and every 1 percent increase in activation correlates with roughly 2 percent lower churn."
benchmarks-onboarding-level2.json,,,7,The Science of SaaS Onboarding: A Comprehensive Framework for ...,https://www.saasfactor.co/blogs/the-science-of-saas-onboarding-a-comprehensive-framework-for-reducing-friction-improving-activation-and-preventing-churn,"Discover the science-backed SaaS onboarding framework that reduces friction, improves activation rates by 40%+, and prevents early churn. Learn diagnostic metrics, red flags, and proven intervention strategies to transform your onboarding into a retention engine.",Why completion signals success: 70% of SaaS customers who churn do so within 90 days due to poor onboarding.
benchmarks-onboarding-level2.json,,,8,r/SaaS on Reddit: How we slashed churn by 34% through onboarding ...,https://www.reddit.com/r/SaaS/comments/1q2py89/how_we_slashed_churn_by_34_through_onboarding/,Context I'm the product lead for a B2B SaaS platform that helps SMBs manage their customer support operations. We have around 400 customers paying…,Posted by u/Routine_Room5398 - 1 vote and 3 comments
benchmarks-onboarding-level2.json,,,9,Customer Onboarding Metrics That Predict Success and Prevent Churn ...,https://www.exec.com/learn/customer-onboarding-metrics,"Explore 15 essential customer onboarding metrics. Learn to measure, benchmark, and enhance your onboarding process for ultimate business growth.",Formula: Onboarding completion date minus contract signature date · What it measures: How many calendar days you need to get a new customer fully set up and running. Why it matters: Faster onboarding means you start collecting revenue sooner and customers feel better about their purchase decision. Tracking SaaS onboarding metrics like time-to-onboard helps drive conversions and boost customer engagement.
benchmarks-onboarding-level2.json,,,10,12 Proven Ways to Reduce SaaS Churn Rate in 2026,https://baremetrics.com/blog/proven-ways-reduce-saas-churn-rate,"Effective, data-driven tactics to reduce SaaS churn in 2026: improve onboarding, automate payment recovery, optimize cancellation flows, segment users, and predict risk.","This tweak increased onboarding completion rates by an impressive 50%. These real-world examples highlight how thoughtful onboarding improvements can make a massive difference in reducing churn. ""If you can help your customer quickly adopt your product and start to see value, chances are they're going to want to keep using it."" - Althea Storm, Customer Success Manager, HubSpot"
category-competitor-level2.json,,,1,"Beacon - 2026 Company Profile, Team, Funding & Competitors - Tracxn",https://tracxn.com/d/companies/beacon/__zHMq-6TSouOKZ43n5Q4BKZxnShE-PRCNixejZf3QQ1c,Beacon - Developer of software for automating enterprise implementation and support workflows. Raised a total funding of $7M over 1 round from 7 investors.,"Explore Beacon's in-depth company profile, including funding details, key investors, leadership, and competitors."
category-competitor-level2.json,,,2,Beacon.li: Enterprise AI Implementation Orchestration Platform,https://www.beacon.li/,Reduce implementation effort and timelines by 60%+ with Beacon’s AI orchestration platform. Watch it run on your product in just 7 days.,"We plan to fully automate our Enterprise HCM support with Beacon, we’re already halfway there! ... With Beacon, our product became more self-serve. ... Beacon’s orchestration fit well into our existing data and UI, which helped our customers interact with the product, giving them a more augmented experience where most common questions can now be answered through self-serve discovery"
category-competitor-level2.json,,,3,Beacon.li,https://www.beacon.li/partners,Reduce implementation effort and timelines by 60%+ with Beacon’s AI orchestration platform. Watch it run on your product in just 7 days.,"Join our growing ecosystem of consulting firms, system integrators, and technology vendors helping enterprises unlock measurable business velocity across onboarding, adoption, workflows, and support with AI orchestration. ... Integrate Beacon's AI orchestration with your platform to deliver enhanced automation, faster implementations, and superior user experiences for joint customers."
category-competitor-level2.json,,,4,"Beacon.li: Pricing, Free Demo & Features | Software Finder",https://softwarefinder.com/artificial-intelligence/beacon-li,Beacon.li is an AI-powered digital adoption platform designed to eliminate friction in enterprise software. Explore its features and pricing here or book a demo,"The platform’s AI Agentic Orchestration automates complex workflows, while its Support Autopilot feature resolves a high volume of user queries autonomously. This enables organizations to accelerate user onboarding, improve software adoption, and significantly boost operational velocity without scaling support costs."
category-competitor-level2.json,,,5,Enterprise AI Execution Platform for Complex SaaS Implementations ...,https://www.beacon.li/platform-overview,"Beacon is an AI execution platform for enterprise implementations that automates SaaS configuration, validation, and execution through UI-based AI agents—without APIs or backend access. Powered by knowledge graphs and agentic UI automation.","Beacon builds a living map of your product's configuration logic, workflow dependencies, and customer-specific patterns. It learns from every implementation and gets smarter over time. ... Unlike other AI orchestration systems, Beacon doesn’t require APIs or new access layers."
category-competitor-level2.json,,,6,Beacon,https://impl-studio.beacon.li/,Beacon - AI Implementation Orchestration Platform,
category-competitor-level2.json,,,7,"About Beacon.li | Founders, Vision, Mission & Investors",https://www.beacon.li/about-us,"Meet the team behind Beacon.li — an AI orchestration platform on a mission to make enterprise SaaS implementation effortless, consistent, and faster for every company.","Our platform blends policy-driven automation, test orchestration, and contextual AI to remove repetitive engineering effort and surface a reliable, repeatable path to launch and long-term adoption. ... Rakesh brings extensive experience in scaling consumer-focused technology companies, with leadership roles at Pharmeasy, Nestaway, and Gear6. His vision drives Beacon's mission to transform user onboarding experiences."
category-competitor-level2.json,,,8,Beacon.li Customers & Case Studies | AI Implementation ...,https://www.beacon.li/customers,Reduce implementation effort and timelines by 60%+ with Beacon’s AI orchestration platform. Watch it run on your product in just 7 days.,"Leading Fintech automated Cash Application onboarding and achieved 85% faster handovers, 60% fewer config defects, and 30% lower implementation costs. ... Workline used Beacon to guide users through complex workflows post-launch, reducing incoming support tickets by 60%, driving self-service adoption. ... Capillary deployed Beacon to guide post-launch support and configuration troubleshooting, reducing time to resolution by 47%. ... By orchestrating configuration, validation, and readiness checks, a global retail tech platform achieved 85% faster go-lives."
category-competitor-level2.json,,,9,Product Overview | Beacon.li,https://www.beacon.li/beacon-features,Reduce implementation effort and timelines by 60%+ with Beacon’s AI orchestration platform. Watch it run on your product in just 7 days.,Beacon is the AI implementation orchestration platform that automates the actual work of enterprise implementations—turning months-long deployment cycles into weeks.
category-competitor-level2.json,,,10,Beacon.li Unveils AI Orchestration Layer to Unify Insurance ...,https://ffnews.com/newsarticle/insurtech/beacon-li-unveils-ai-orchestration-layer-to-unify-insurance-operations-at-itc-vegas-2025/,"Beacon.li announced the launch of its latest AI-powered agents tailored for the insurance industry, addressing operational frictions","Shory, a First.tech company and the UAE’s leading digital insurance platform, announced the onboarding of its digital vehicle insurance renewal service on TAMM 4.0, in collaboration with TAMM – the Abu Dhabi Government Services Platform. ... Sixfold announced the release of its ‘Responsible AI Report 2025’, detailing how insurers can adopt, govern, and scale AI"
consulting-si-level2.json,,,1,Top 10 AI Consulting Firms in 2026 - Copilot Experts,https://copilot-experts.com/top-ai-consulting-firm/,"Looking for the best AI partner? Compare the top 10 AI consulting firms in 2026, from global enterprise leaders to Microsoft 365 AI specialists for SMBs.","Now part of KMS Technology, Addepto pairs deep AI and data expertise — models, pipelines, and LLM implementation with production-grade engineering, integration, and scalability. Services span AI consulting, generative and agentic AI, machine learning, computer vision, and NLP, alongside proprietary products like ContextClue (an AI knowledge assistant) and ContextCheck (open-source RAG evaluation). ... The US AI consulting market is projected to exceed $15 billion in 2026. The dominant firms are Accenture, IBM Consulting, McKinsey/QuantumBlack, Deloitte, and BCG — all operating massively scaled US-based AI practices."
consulting-si-level2.json,,,2,Big Five Consulting: Betting Billions on AI Partnerships by Virtasant,https://www.virtasant.com/ai-today/big-five-consulting-betting-billions-on-ai-partnerships,"Top AI consulting firms leverage strategic tech partnerships to dominate enterprise AI, revealing vastly different visions of the market's future.","Accenture: Committed $3 billion to expanding its Data & AI practice; plans to double its AI workforce to 80,000 specialists · McKinsey: Continues to grow QuantumBlack, with approximately 5,000 AI experts and strategic acquisitions like Iguazio · BCG: Expanding BCG X, its tech build and design unit with approximately 3,000 engineers · Bain: Equipped its entire 18,000-person team with AI tools while acquiring firms like Max Kelsen · Deloitte: Building capabilities through acquisitions like OpTeamizer and partnerships with companies like NVIDIA"
consulting-si-level2.json,,,3,"The Big Consulting AI Frameworks, Compared (2026) | Consulting Huber",https://consulting-huber.com/ai-consulting-frameworks-compared.html,"A practitioner benchmark of how ten major consulting firms — BCG, McKinsey, Deloitte, EY, PwC, KPMG, Accenture, Bain, Capgemini and IBM — frame AI and GenAI transformation in 2026. Methodologies, investment figures, signature platforms, and flagship research compared side by side.","A practitioner benchmark of how BCG, McKinsey, Deloitte, EY, PwC, KPMG, Accenture, Bain, Capgemini and IBM frame AI transformation in 2026."
consulting-si-level2.json,,,4,"OpenAI partners with McKinsey, BCG, Accenture, and Capgemini to ...",https://fortune.com/2026/02/23/openai-partners-with-mckinsey-bcg-accenture-and-capgemini-to-push-its-frontier-ai-agent-platform/,"The partnerships heap further pressure on SaaS vendors such as Salesforce, Microsoft, Workday, and ServiceNow.","At the same time, the new partnership could spell trouble for established software-as-a-service vendors such as Salesforce, Workday, Microsoft, and ServiceNow. All of these companies also depend on so-called systems integrators such as the big consulting firms to help market and deploy their software to big companies and governments. These SaaS vendors have been trying to roll out AI agent platforms as well."
consulting-si-level2.json,,,5,8 Top AI Consulting Companies to Consider: 2026 Review + Comparison ...,https://www.aikenhouse.com/post/8-top-ai-consulting-companies-to-consider-2026-review-comparison,A practical guide for business leaders evaluating AI consulting and agent deployment partners in 2026,"For large enterprises managing multi-year, multi-department AI transformations with significant change-management requirements, Accenture, McKinsey, QuantumBlack, and Deloitte remain strong choices. For regulated industries where compliance and governance are non-negotiable, Deloitte is the safest selection. For organizations already inside the IBM or Infosys ecosystems, staying with those partners for AI integration makes practical sense."
consulting-si-level2.json,,,6,"OpenAI partners with McKinsey, BCG, Accenture, and Capgemini to ...",https://finance.yahoo.com/news/openai-partners-mckinsey-bcg-accenture-133000689.html,"The new alliances heap further pressure on SaaS vendors such as Salesforce, Microsoft, Workday, and ServiceNow.","At the same time, the new partnership could spell trouble for established software-as-a-service vendors such as Salesforce, Workday, Microsoft, and ServiceNow. All of these companies also depend on so-called systems integrators such as the big consulting firms to help market and deploy their software to big companies and governments. These SaaS vendors have been trying to roll out AI agent platforms as well."
consulting-si-level2.json,,,7,"McKinsey, BCG, and Deloitte's New Competition Is Fast and Driven ...",https://www.businessinsider.com/mckinsey-bcg-and-deloitte-competition-small-boutique-specialized-ai-2025-4,"These upstart consulting firms are specialized and have an AI-first philosophy, helping them compete with established players like McKinsey.","The company told BI this week that while initially serving boutique management consultancies, it's now quickly expanding to serve IT services, system integrators, software developers, financial services, design firms, and real estate agencies. Perceptis had raised $3.6 million in funding as of January. Genpact, a professional services company that expects to generate $5 billion in revenue this year, has made a major push over the past year to position itself as a leader in AI strategy. Sanjeev Vohra, the company's chief technology officer — who spent more than two decades at Accenture — said AI transformations have to begin internally."
consulting-si-level2.json,,,8,Top AI Consulting Firms in 2026: How to Choose the Right Partner,https://advantageworks.com/posts/top-ai-consulting-firms-in-2026-how-to-choose-the-right-partner,"Thousands of firms now advertise deep ""AI expertise,"" and most enterprise AI work still never makes it past the pilot.","Thousands of firms now advertise deep ""AI expertise,"" and most enterprise AI work still never makes it past the pilot. McKinsey's 2024 State of AI survey put hard numbers on the split: roughly 72% of organizations had adopted AI in at least one business function, but only a small minority had scaled it into repeated, real value."
consulting-si-level2.json,,,9,Beacon.li: Enterprise AI Implementation Orchestration Platform,https://www.beacon.li/,Reduce implementation effort and timelines by 60%+ with Beacon’s AI orchestration platform. Watch it run on your product in just 7 days.,"We plan to fully automate our Enterprise HCM support with Beacon, we’re already halfway there! ... With Beacon, our product became more self-serve. ... Beacon’s orchestration fit well into our existing data and UI, which helped our customers interact with the product, giving them a more augmented experience where most common questions can now be answered through self-serve discovery ... No Integration."
consulting-si-level2.json,,,10,OpenAI and Anthropic are turning to consultants to fight their ...,https://www.businessinsider.com/openai-and-anthropic-using-consultants-to-fight-enterprise-battles-2026-3,AI competition heats up as OpenAI and Anthropic form consulting partnerships to deploy AI at scale.,"OpenAI this week announced multi-year partnerships with Boston Consulting Group, McKinsey & Company, Accenture, and Capgemini · to help companies integrate AI into existing systems, rethink workflows, and deploy AI coworkers at scale alongside OpenAI engineers."
dap-competitors-level2.json,,,1,WalkMe vs. Pendo vs. Whatfix | Why choose the #1 digital adoption ...,https://www.walkme.com/walkme-vs-pendo-vs-whatfix/,"Compare WalkMe vs. Pendo vs. Whatfix and see why WalkMe is the only AI-powered DAP built for enterprise security, automation, and scalability.","Compare WalkMe vs. Pendo vs. Whatfix and see why WalkMe is the only AI-powered DAP built for enterprise security, automation, and scalability. Discover how WalkMe eliminates manual updates, reduces IT workload by 50%, and delivers 85% ROI."
dap-competitors-level2.json,,,2,"r/SaaS on Reddit: Which is better for digital adoption, WalkMe ...",https://www.reddit.com/r/SaaS/comments/1r4qp0e/which_is_better_for_digital_adoption_walkme_or/,"We're struggling with tool adoption at my company, especially with new hires. So we're starting a process of finding a digital adoption platform. We…","For Salesforce integration specifically, Pendo's analytics dashboard is chef's kiss - you can actually see where people are getting stuck in real time which is invaluable for tweaking your onboarding flows. ... WalkMe is the market leader with solid feature depth but is super expensive. Pendo seems like a good product but I think they're more focused on helping SaaS companies on the publisher side. Lemon Learning was really good for the price and had all the features we needed but goes less deep on analytics. Whatfix seemed solid but looked very complex to use with a lot of customization to set up."
dap-competitors-level2.json,,,3,Best Digital Adoption Platforms 2026: Top 10 Compared | Pendo.io,https://www.pendo.io/pendo-blog/top-10-digital-adoption-platforms/,"Compare the top 10 digital adoption platforms of 2026. Expert analysis of Pendo, WalkMe, Whatfix, Appcues & more—including features, pricing, AI capabilities, and G2 ratings. Find the best DAP for your team.","While competitors like WalkMe and Whatfix track traditional feature adoption, they cannot measure AI agent performance."
dap-competitors-level2.json,,,4,8 Best WalkMe Competitors for Customer-Facing Teams (2026),https://www.appcues.com/blog/best-walkme-alternatives-2026,"Since SAP's acquisition, WalkMe is focused on employee adoption. Compare 8 customer-facing digital adoption platforms by pricing, setup speed, and cross-channel reach for 2026.","Pendo is the best WalkMe alternative if product analytics is your priority and in-app guidance is a supporting capability. If engagement is the priority, consider a tool built for that purpose first. See the full 2026 comparison. Whatfix is the WalkMe alternative that most closely resembles WalkMe itself - a full-scale enterprise digital adoption platform built for large organizations with complex compliance, training, and customer onboarding requirements."
dap-competitors-level2.json,,,5,Pendo vs WalkMe: Modern DAP Platform vs Legacy Solution,https://www.pendo.io/pendo-vs-walkme/,"Compare Pendo and WalkMe for digital adoption. Faster deployment, predictive AI, unified analytics—see why teams switch from WalkMe to Pendo.","Whether you're researching WalkMe alternatives, evaluating Pendo competitors for specific use cases, or exploring digital adoption platforms for the first time, the right choice depends on your organization's priorities. WalkMe excels in complex enterprise workflows and established software ecosystems. Pendo leads for organizations needing unified analytics across customer and employee experiences with faster time-to-value. Other alternatives like Userlane, Whatfix, and Fullstory serve specific use cases—but may lack the depth of analytics and breadth of capabilities offered in a comprehensive platform."
dap-competitors-level2.json,,,6,9 WalkMe Alternatives for Digital Adoption in 2026,https://www.fullstory.com/blog/walkme-alternatives/,"WalkMe alternatives compared across guide builders, product analytics, and behavior-backed adoption platforms. Nine options were evaluated for use-case fit, behavioral data depth, and deployment complexity, so you can find the right platform before you build a single walkthrough.","Smaller market presence than WalkMe, Whatfix, or Pendo. Fewer community resources, third-party integrations, and implementation partners. No automatic frustration detection. Rage clicks, dead clicks, and error patterns don't surface. UserGuiding is a no-code onboarding tool for startups and small SaaS teams."
dap-competitors-level2.json,,,7,8 Best In-App Guidance Tools in 2026 (Pendo vs Appcues vs WalkMe) ...,https://www.pendo.io/pendo-blog/the-top-8-in-app-guidance-tools-in-2025/,"Here’s what to look for in tools to guide and support your users. to: Compare 8 top in‑app guidance tools for 2025—features, pricing, and best‑fit use cases. See examples of tooltips, walkthroughs, and checklists, plus criteria to choose the right in‑app guide software.","Compare 8 in-app guidance tools for 2026. See how Pendo, WalkMe, Appcues, and Whatfix compare for walkthroughs, tooltips, and user onboarding."
dap-competitors-level2.json,,,8,Best Whatfix Alternatives for 2026 | Top 8 DAP Tools Compared | ...,https://www.glitter.io/blog/employee-training/best-whatfix-alternatives,"Compare the best Whatfix alternatives for 2026. Find digital adoption platforms with better pricing, features, and ease of use. Includes honest pros/cons.","Compare the best digital adoption platforms for 2026, including Glitter AI, WalkMe, Pendo, Userpilot, and more. Find the right solution for your team. ... Whatfix has built a solid reputation as a digital adoption platform for enterprise employee training. It works well for teams onboarding users to complex software like CRMs and ERPs through interactive walkthroughs and in-app guidance."
dap-competitors-level2.json,,,9,6 WalkMe Alternatives for Enterprise Adoption Programs (2026),https://whatfix.com/walkme-alternatives-competitors/,We explore the best WalkMe alternatives and competitors to see what digital adoption platform is the best for your enterprise use case.,"In-app guidance: Build walkthroughs and guidance patterns to drive onboarding and feature uptake. User feedback: Collect feedback and sentiment signals, including NPS, without heavy engineering lift. Main differences between Pendo and WalkMe: Pendo typically wins in organizations where product analytics ownership and product-led onboarding drive decisions, while WalkMe fits enterprise enablement programs that prioritize controlled change operations."
dap-competitors-level2.json,,,10,Digital adoption platform alternatives compared: find the right ...,https://usetandem.ai/blog/compare-digital-adoption-platforms,"Compare 10 digital adoption platforms side by side — Pendo, WalkMe, Appcues, Whatfix, and more. Honest evaluation criteria, pricing context, and a decision framework to find the right fit.","If you're an enterprise deploying internal tools (ERP, CRM, HCM) across thousands of employees with a dedicated IT team and six-figure budget: evaluate WalkMe and Whatfix. They're built for that environment. If you need deep product analytics integrated with in-app guides and you don't already have a dedicated analytics tool: Pendo or Gainsight PX (especially if you're already in the Gainsight ecosystem) are worth evaluating. If you're a small team on a budget that needs basic onboarding fast: Appcues, Userflow, or Chameleon will get you started quickly at a lower price point."
gap-accenture-ai-primary-level2.json,,,1,Agentic AI and the future of work in financial services | Accenture ...,https://bankingblog.accenture.com/agentic-ai-future-of-work,"KYC analysts are no longer focus ... investigation work instead. Here are three examples of how the transformation of KYC using AI has evolved over the last couple of years, moving from self-contained GenAI use cases, through LLM workflows, to an agentic end-to-end process. At a European bank, one of the earliest uses was to classify documents, ingest and extract KYC data points, validate ...","KYC analysts are no longer focus on highly manual activities and can spend their time on high value judgement-based investigation work instead. Here are three examples of how the transformation of KYC using AI has evolved over the last couple of years, moving from self-contained GenAI use cases, through LLM workflows, to an agentic end-to-end process. At a European bank, one of the earliest uses was to classify documents, ingest and extract KYC data points, validate and remediate missing data, then present the data in a consistent format for the KYC agent to validate."
gap-accenture-ai-primary-level2.json,,,2,Accenture and Databricks Accelerate Enterprise Adoption of AI ...,https://newsroom.accenture.com/news/2026/accenture-and-databricks-accelerate-enterprise-adoption-of-ai-applications-and-agents-at-scale,"Accenture and Databricks, the Data and AI company, are helping global organizations unlock the full potential of their enterprise data and scale adoption of AI applications and agents.","Databases reimagined for the AI era: Helping more enterprises leverage Lakebase to develop an open, scalable transactional database, designed for building AI apps and agents. Putting data and AI in the hands of every team: Helping data teams implement and scale Genie, Databricks’ conversational AI assistant, so any employee can ask questions in plain language and get accurate answers from governed data to make faster, more confident decisions."
gap-accenture-ai-primary-level2.json,,,3,Industrial AI | Accenture,https://www.accenture.com/us-en/services/ai-data/industrial-ai,"Accenture’s composable platform ... agentic AI—into existing systems, transforming assets into an open, scalable cloud-native architecture backed by Microsoft, AWS, and Google partnerships. ... Map a progressive transformation towards autonomous operations, establishing a data-driven operations management culture, with regular “value drops” along the way. Monitor key performance indicators and return on investment in real time, ...","Accenture’s composable platform helps integrate AI—including agentic AI—into existing systems, transforming assets into an open, scalable cloud-native architecture backed by Microsoft, AWS, and Google partnerships. ... Map a progressive transformation towards autonomous operations, establishing a data-driven operations management culture, with regular “value drops” along the way. Monitor key performance indicators and return on investment in real time, expand deployment across sites and business units, and continuously enhance model performance through feedback loops and generative AI agents."
gap-accenture-ai-primary-level2.json,,,4,Reinvent Enterprise Models with Generative AI | Accenture,https://www.accenture.com/us-en/insights/consulting/gen-ai-reinventing-enterprise-models,"To see the full potential of gen AI, leaders need to reshape their organizational strategy and build op models that blend tech, talent & processes. Learn more.","The scope and pace of change, driven by gen AI and agentic architecture, go beyond IT. In response, organizations are redefining roles for IT and the C-suite to integrate technology into business strategy and drive innovation. ... How the telecom leader is powering its digital transformation with data, AI and new ways of working."
gap-accenture-ai-primary-level2.json,,,5,Artificial Intelligence (AI) Services & Solutions | Accenture,https://www.accenture.com/us-en/services/ai-data,Accenture offers data & artificial intelligence (AI) consulting services & solutions enabling clients to reinvent what's possible with AI for enterprises. Learn more.,Accenture’s artificial intelligence (AI) services and solutions help you scale the impact of AI across your business for maximum value. Learn more.
gap-accenture-ai-primary-level2.json,,,6,How private equity can unlock mid-market value through AI,https://www.accenture.com/us-en/blogs/private-equity/unlock-mid-market-value-through-ai,Agile mid-market firms that adopt AI early can move faster than larger competitors and realize transformation benefits sooner. Learn more.,"These labor- and data-intensive, repeatable processes are natural candidates for AI. Given bandwidth constraints, ROI-driven prioritization is critical. PE sponsors should push management teams to target near- and mid-term wins, aligning transformation timelines with investment horizons."
gap-accenture-ai-primary-level2.json,,,7,Harnessing the Power of AI Agents | Accenture,https://www.accenture.com/us-en/insights/ai-data/hive-mind-harnessing-power-ai-agents,Agentic architecture is a strategic approach that employs AI agents to orchestrate and automate complex business workflows. Learn more.,"Integrating generative AI into your business can align with your current digital transformation efforts without requiring significant extra effort. By embracing agentic architecture, organizations can unleash innovation, optimize their operations, enhance decision-making and foster collaboration between humans and AI. Leaders who recognize the strategic imperative of agentic architecture and proactively invest in its development and adoption will be well-positioned to shape the future of their industries and pave the way for future growth with gen AI – and just like a beehive, generate some sweet returns."
gap-accenture-ai-primary-level2.json,,,8,New ways forward to the road of AI value | Accenture,https://www.accenture.com/us-en/blogs/ai-data/how-leaders-unlock-ai-value,"Develop a strong ecosystem strategy ... future implementations. Dedicate investments to building interoperability across your AI systems and providers to support scalability and avoid fragmentation. This approach supports compliance and resilience across data, infrastructure, models, agents and ...","Develop a strong ecosystem strategy to guide current and future implementations. Dedicate investments to building interoperability across your AI systems and providers to support scalability and avoid fragmentation. This approach supports compliance and resilience across data, infrastructure, models, agents and apps."
gap-accenture-ai-primary-level2.json,,,9,How to Scale AI and Realize Value Across the Enterprise | Accenture,https://www.accenture.com/us-en/insights/consulting/how-to-scale-ai-for-value,"Discover how to scale AI for real business impact—transforming talent, data and digital core for lasting reinvention and growth.","Discover how to scale AI for real business impact—transforming talent, data, and digital core for lasting reinvention and growth."
gap-accenture-ai-primary-level2.json,,,10,Accenture Invests in Profitmind to Drive Agentic AI Reinvention ...,https://newsroom.accenture.com/news/2026/accenture-invests-in-profitmind-to-drive-agentic-ai-reinvention-in-retail-sector,"Accenture has invested, through Accenture Ventures, in Profitmind, a retail technology company that has developed an agentic AI platform to help retailers automate decisions across pricing, inventory and planning.","8, 2026 – Accenture (NYSE: ACN) has invested, through Accenture Ventures, in Profitmind, a retail technology company that has developed an agentic AI platform to help retailers automate decisions across pricing, inventory and planning. As part of this investment, Accenture and Profitmind are also entering into a strategic partnership. This investment and partnership will further expand Accenture’s existing data and AI capabilities in retail, enabling clients to bridge the gap between insights and action. As the retail landscape undergoes significant transformation, agentic AI has emerged as a critical enabler for brands seeking to navigate unprecedented complexity."
gap-bcg-ai-value-primary-level2.json,,,1,WHITE PAPER From GenAI Ambition to Enterprise Value,https://www.bcg.com/assets/2026/white-paper-from-genai-ambition-to-enterprise-value.pdf?utm_description=organic&utm_topic=ai&utm_geo=global,systematically across these areas are better positioned to turn isolated productivity gains ... Generative AI has moved well beyond the initial burst of experimentation.,percent of their expected AI value potential and that have already implemented at least · five GenAI use cases (which is a proxy for moving from elementary AI value capture to fully · fledged AI-driven value creation). That is a high bar. It requires both confidence in value · realization and evidence that GenAI integration has moved beyond isolated pilots.
gap-bcg-ai-value-primary-level2.json,,,2,The Stairway to GenAI Impact | BCG,https://www.bcg.com/publications/2024/stairway-to-gen-ai-impact,"Companies are quickly adopting GenAI, but real benefits are still elusive. Discover why a more focused strategy is essential for achieving measurable success.","Companies have moved quickly to implement GenAI, but many may be celebrating too early, before achieving measurable benefits. It’s time for a focused approach. Two-thirds of executives say they are dissatisfied with their company’s progress in GenAI, and more than half are still expecting cost savings within the year, according to a BCG survey. Companies can impact the bottom line with three GenAI value creation levers—new revenue, cost reduction, and productivity gains—potentially achieving a return on investment of 10 to 15 times in less than three years."
gap-bcg-ai-value-primary-level2.json,,,3,Are You Generating Value from AI? The Widening Gap | BCG,https://www.bcg.com/publications/2025/are-you-generating-value-from-ai-the-widening-gap,"Future-built companies are pulling away, riding transforming investment and the new wave of agents. Others need to move now.","Is your company AI-future built or AI-future broken? Future-built companies are pulling away, riding transforming investment and the wave of agents. Learn more."
gap-bcg-ai-value-primary-level2.json,,,4,AI @ Scale | AI Consulting and Strategy | BCG,https://www.bcg.com/capabilities/artificial-intelligence,Scaling artificial intelligence can create a massive competitive advantage. Learn how our AI-driven initiatives have helped clients extract value.,"With artificial intelligence at a crucial inflection point, BCG is helping organizations weave together human and technological capabilities to maximize value potential, productivity, and innovation from AI. When predictive artificial intelligence is complemented by generative AI, their combined power offers stronger capabilities and greater, sustained AI value creation."
gap-bcg-ai-value-primary-level2.json,,,5,How Agents Are Accelerating the Next Wave of AI Value Creation,https://www.bcg.com/publications/2025/agents-accelerate-next-wave-of-ai-value-creation,"A CEO’s roadmap for scaling agentic AI: the actions to take now, the disruptions to anticipate next, and the principles that should guide strategy.","A CEO’s roadmap for scaling agentic AI—the actions to take now, the disruptions to prepare for next, and the guiding principles to always follow."
gap-bcg-ai-value-primary-level2.json,,,6,How CTOs Can Choose the Right GenAI Partners at the Right Time,https://www.bcg.com/publications/2026/how-ctos-can-choose-the-right-genai-at-the-right-time,Getting the most out of GenAI partnerships requires understanding how needs evolve and recognizing that each partner type has particular strengths along the way.,Learn why getting the most out of GenAI partnerships requires understanding how needs evolve and recognizing that each partner type has particular strengths.
gap-bcg-ai-value-primary-level2.json,,,7,The Path to Generative AI Value Begins with a Workforce Diagnostic,https://www.bcg.com/publications/2023/assessing-the-impact-of-generative-ai-on-workforce-productivity,BCG’s new diagnostic tool helps companies evaluate the impact of generative AI on workforce productivity and much more. Keep reading to learn more.,Generative AI presents both benefits and challenges to organizations. BCG’s GenAI Workforce Productivity Diagnostic helps companies define a clear path to successfully implement this transformative technology.
gap-bcg-ai-value-primary-level2.json,,,8,GenAI Can Revolutionize ERP Transformations | BCG,https://www.bcg.com/publications/2025/gen-ai-can-revolutionize-erp-transformations,The real benefits of GenAI do not come from a “low-hanging fruit” mindset; they can only be realized if the technology is deployed consistently.,"Adoption of GenAI-First Implementation Methodologies. Organizations must move beyond traditional project management approaches to create a GenAI-first mindset that integrates AI capabilities throughout the ERP transformation lifecycle. The real benefits of GenAI do not come from a “low-hanging fruit” mindset; they can only be realized if the technology is deployed consistently, aided by continuous feedback loops driven by AI insights to improve decision making across all phases."
gap-bcg-ai-value-primary-level2.json,,,9,GenAI Doesn’t Just Increase Productivity. It Expands Capabilities.,https://www.bcg.com/publications/2024/gen-ai-increases-productivity-and-expands-capabilities,A new experiment shows that GenAI isn’t just a tool for increasing productivity—it can expand the range of tasks workers can perform.,"Explore how GenAI empowers workers to tackle tasks beyond their skills, revolutionizing productivity and expanding the workforce's capabilities."
gap-bcg-ai-value-primary-level2.json,,,10,"AI at Work 2025: Momentum Builds, but Gaps Remain | BCG",https://www.bcg.com/publications/2025/ai-at-work-momentum-builds-but-gaps-remain,"Companies are realizing that merely introducing AI tools into existing ways of working isn’t enough to unlock their full potential. The real magic happens—and value generated—when businesses go further and reshape their workflows end-to-end. One-half of companies, led by those in financial services and technology, are moving beyond productivity ...","Companies are realizing that merely introducing AI tools into existing ways of working isn’t enough to unlock their full potential. The real magic happens—and value generated—when businesses go further and reshape their workflows end-to-end. One-half of companies, led by those in financial services and technology, are moving beyond productivity plays (what we call Deploy) to redesign workflows (Reshape)."
gap-deloitte-ai-primary-level2.json,,,1,The State of AI in the Enterprise - 2026 AI report | Deloitte US,https://www.deloitte.com/us/en/what-we-do/capabilities/applied-artificial-intelligence/content/state-of-ai-in-the-enterprise.html,"Explore the Deloitte AI Institute’s State of AI in the Enterprise report tracking AI investments, adoption, impacts on business, and challenges throughout 2025.","Digital transformation with AI can yield a variety of benefits for businesses, from cost savings to service delivery. Improving productivity and efficiency top the list of benefits achieved from enterprise AI adoption so far, with two-thirds (66%) of organizations reporting gains."
gap-deloitte-ai-primary-level2.json,,,2,State of Generative AI in the Enterprise 2024,https://www.deloitte.com/us/en/what-we-do/capabilities/applied-artificial-intelligence/content/state-of-generative-ai-in-enterprise.html,"Explore the Deloitte AI Institute’s State of AI in the Enterprise report tracking AI investments, adoption, impacts on business, and challenges throughout 2025.","Digital transformation with AI can yield a variety of benefits for businesses, from cost savings to service delivery. Improving productivity and efficiency top the list of benefits achieved from enterprise AI adoption so far, with two-thirds (66%) of organizations reporting gains."
gap-deloitte-ai-primary-level2.json,,,3,Generative AI for Enterprises | Deloitte US,https://www.deloitte.com/us/en/what-we-do/capabilities/applied-artificial-intelligence/articles/generative-ai-for-enterprises.html,"In this article, we look at the benefits and limitations of Generative AI, introduce a method to qualify if, where and how these cognitive tools can be used.","To identify where Generative AI might impact your value chain, with incremental digitization from basic productivity use cases to higher order opportunities, such as new, differentiating services or business models. Find out more · As this is key for tailored use cases that provide a differentiator or competitive advantage. Find out more · Including challenges around bias and misinformation, attribution, transparency, and enterprise accountability for the impact from Generative AI."
gap-deloitte-ai-primary-level2.json,,,4,Four futures of generative AI in the enterprise: Scenario planning ...,https://www.deloitte.com/us/en/insights/topics/digital-transformation/generative-ai-and-the-future-enterprise.html,"When it comes to gen AI, the stakes are high—and so is the uncertainty. These future enterprise scenarios can help organizations plan future-proof strategies.","Some workers find this to be increasingly invasive, but it helps drive enterprise value. Many organizations have begun to turn these intelligent systems into digital agents that can automate complex and open-ended personal and business tasks with humans or with other agents. While technical advances show little sign of slowing, the impacts of gen AI on businesses are mixed. Across most industries, organizations that invested early and aggressively in transformation gained efficiencies and new product capabilities that have translated into pricing advantages and market growth."
gap-deloitte-ai-primary-level2.json,,,5,A CEO'S Guide to Envisioning the Generative AI Enterprise | Deloitte ...,https://www.deloitte.com/us/en/what-we-do/capabilities/applied-artificial-intelligence/articles/ceo-guide-to-generative-ai-enterprises.html,"The Generative AI shift requires ... lead the enterprise. Deloitte analysis has shown that successful digital transformation can result in up to $1.25 trillion (USD) in additional market cap, and Generative AI is proving to be a powerful accelerant for transformation. Over the next decade, productivity gains and ...","The Generative AI shift requires business leaders—most acutely, CEOs—to alter how they lead the enterprise. Deloitte analysis has shown that successful digital transformation can result in up to $1.25 trillion (USD) in additional market cap, and Generative AI is proving to be a powerful accelerant for transformation. Over the next decade, productivity gains and capabilities enabled by AI are expected to increase global GDP by $7 trillion, while the Generative AI market doubles every other year."
gap-deloitte-ai-primary-level2.json,,,6,The State of AI in the Enterprise - 2026 AI report | Deloitte US,https://www2.deloitte.com/us/en/pages/consulting/articles/state-of-generative-ai-in-enterprise.html,"Explore the Deloitte AI Institute’s State of AI in the Enterprise report tracking AI investments, adoption, impacts on business, and challenges throughout 2025.","Digital transformation with AI can yield a variety of benefits for businesses, from cost savings to service delivery. Improving productivity and efficiency top the list of benefits achieved from enterprise AI adoption so far, with two-thirds (66%) of organizations reporting gains."
gap-deloitte-ai-primary-level2.json,,,7,Agentic AI enterprise adoption: Navigating key factors | Deloitte US,https://www.deloitte.com/us/en/what-we-do/capabilities/applied-artificial-intelligence/articles/agentic-ai-enterprise-adoption-guide.html,"Agentic AI enterprise adoption is driving significant transformation, enhancing efficiency, productivity, and the ability to scale operations dynamically. Organizations must adopt a phased approach to agentification, balancing gradual implementation with bold experimentation to fully realize ...","Agentic AI enterprise adoption is driving significant transformation, enhancing efficiency, productivity, and the ability to scale operations dynamically. Organizations must adopt a phased approach to agentification, balancing gradual implementation with bold experimentation to fully realize the potential of digital labor."
gap-deloitte-ai-primary-level2.json,,,8,Generative AI and the Future of Work | Deloitte US,https://www.deloitte.com/us/en/what-we-do/capabilities/applied-artificial-intelligence/articles/generative-ai-and-the-future-of-work.html,Discover how generative ai and the future work may look like in the not so distance future. AIs impact on jobs and work that will redefine organizations.,"AI took a major leap with Generative AI and its ability to disrupt the way we work because of its ability to create content that profoundly supports human expertise and skills—writing memos and reports, designing website graphics, creating personalized marketing strategies, and curating employee learning programs, for example. The examples of Generative AI use cases by industry are boundless and illustrate the breadth of work that can be augmented using Generative AI. Ideally, Generative AI can bolster innovation, productivity, and outcomes while making work easier for people."
gap-deloitte-ai-primary-level2.json,,,9,From Ambition to Activation: Organizations Stand at the Untapped ...,https://www.deloitte.com/us/en/about/press-room/state-of-ai-report-2026.html,"The Deloitte AI Institute today unveiled the 2026 edition of its “State of AI in the Enterprise” report, revealing how organizations are currently engaging with AI and the impacts, changes and considerations this technology is introducing.","Autonomous AI agents are racing into the enterprise, transforming AI from a source of information and insights into a system that can do real work with 85% of companies expecting to customize agents to fit the unique needs of their business. AI is delivering productivity for most, but business reimagination for few, with 34% of companies reporting they are using AI to “deeply transform” their business."
gap-deloitte-ai-primary-level2.json,,,10,Deloitte Launches Google Cloud Agentic Transformation Practice ...,https://www.deloitte.com/us/en/about/press-room/deloitte-launches-google-cloud-agentic-transformation-practice.html,"From Fortune 500 enterprises to public service organizations, to its own business, Deloitte is strengthening its dedication to Google Cloud technologies to support an agentic AI future","“Our collaboration with Deloitte combines the power of Gemini Enterprise with Deloitte’s deep industry expertise, providing an accelerated path for customers to deploy agentic solutions at scale and unlock new levels of productivity."" This year, Deloitte was awarded six Google Cloud Partner of the Year awards for Global Gemini Enterprise; AI (Asia Pacific); AI (North America); Global Industry Solutions; Oracle Infrastructure Modernization; and Global Managed Security Service Provider. Learn more about the Deloitte and Google Cloud alliance. Deloitte has been at the forefront of AI innovation for over a decade, expanding its offerings through a Generative AI practice."
gap-gartner-ai-value-primary-level2.json,,,1,Gartner Says AI Projects in I&O Stall Ahead of Meaningful ROI Returns,https://www.gartner.com/en/newsroom/press-releases/2026-04-07-gartner-says-artificial-intelligence-projects-in-infrastructure-and-operations-stall-ahead-of-meaningful-roi-returns,"Ahead of the Gartner IT Infrastructure, Operations & Cloud Conference, taking place from May 11-12 in Sydney, we spoke with Melanie Freeze, Director Research at Gartner, about the key success factors for AI use cases in I&O and how leaders can prioritize and fund them.","According to Gartner analyst Melanie Freeze, for the majority of I&O leaders who reported at least one failure, their AI initiatives failed because they expected too much, too fast. Read more here. #AI #IO #GarnerIO"
gap-gartner-ai-value-primary-level2.json,,,2,5 AI Metrics That Actually Prove ROI to Your Board,https://www.gartner.com/en/articles/ai-value-metrics,CEOs struggle to quantify AI's ROI. Discover 5 outcome-driven metrics that move beyond productivity to demonstrate tangible financial impact in the boardroom.,Why it matters: This dual-impact metric affects both revenue growth and cost reduction by fundamentally changing how quickly organizations realize returns from new initiatives.
gap-gartner-ai-value-primary-level2.json,,,3,Gartner Says AI Projects in I&O Stall Ahead of Meaningful ROI Returns,https://gartner.com/en/newsroom/press-releases/2026-04-07-gartner-says-artificial-intelligence-projects-in-infrastructure-and-operations-stall-ahead-of-meaningful-roi-returns?amp=&amp=,"Ahead of the Gartner IT Infrastructure, Operations & Cloud Conference, taking place from May 11-12 in Sydney, we spoke with Melanie Freeze, Director Research at Gartner, about the key success factors for AI use cases in I&O and how leaders can prioritize and fund them.","According to Gartner analyst Melanie Freeze, for the majority of I&O leaders who reported at least one failure, their AI initiatives failed because they expected too much, too fast. Read more here. #AI #IO #GarnerIO"
gap-gartner-ai-value-primary-level2.json,,,4,Why Half of GenAI Projects Fail: Avoid These 5 Common Mistakes,https://www.gartner.com/en/articles/genai-project-failure,More than 50% of GenAI projects are abandoned after proof of concept. Discover five critical failure points and proven strategies to beat the odds with your AI initiatives.,"When organizations chase flashy demos or deploy GenAI everywhere simultaneously, they dilute resources across low-impact initiatives. Without clear prioritization frameworks or success metrics, projects lack measurable business value, making them easy targets when budgets tighten or executives demand proof of ROI."
gap-gartner-ai-value-primary-level2.json,,,5,AI Agent Layer: Why CIOs Must Lead Enterprise Transformation | Gartner,https://www.gartner.com/en/articles/ai-agent-layer,"CIOs who lead the AI agent layer drive enterprise value, avoid chaos and set new benchmarks. Learn how to build the right council and measure success.","As enterprises push beyond pilots, CIOs must act as value orchestrators — ensuring AI drives operational efficiency, unlocks new growth opportunities and improves profitability. That mandate marks the starting point of a broader journey CIOs must lead to fully deliver on the mission‑critical priority of accelerating enterprise AI value realization at scale."
gap-gartner-ai-value-primary-level2.json,,,6,Accelerate Enterprise AI Value Realization | Gartner CIO Guide,https://www.gartner.com/en/chief-information-officer/mcp/accelerate-enterprise-ai-value,"Discover how CIOs can achieve measurable AI value at scale. Download Gartner’s guide for proven steps, benchmarks, and tools to drive business outcomes.","Identify, assess and prioritize AI opportunities by ROI and feasibility to accelerate value and optimize AI investment."
gap-gartner-ai-value-primary-level2.json,,,7,"Enterprise Guide to Generative AI: Expert Insights on ROI, Use ...",https://www.gartner.com/en/topics/generative-ai,"Learn how Gartner experts address the most common generative AI questions for enterprises, including strategies to boost ROI, identify valuable use cases and avoid costly mistakes in AI implementation.",Effective change management is crucial for realizing the benefits of GenAI. Organizations that invest in training and upskilling employees to effectively use GenAI tools are more likely to see positive ROI.
gap-gartner-ai-value-primary-level2.json,,,8,"For AI Value, Focus on Your Use Cases",https://www.gartner.com/en/articles/ai-value,The “value of AI” lies in the actionable use cases and specific outcomes you pursue for your enterprise. And don’t forget the AI value you’re already capturing.,"As enterprises push beyond pilots, CIOs must act as value orchestrators — ensuring AI drives operational efficiency, unlocks new growth opportunities and improves profitability. That mandate marks the starting point of a broader journey CIOs must lead to to fully deliver on the mission‑critical priority of accelerating enterprise AI value realization at scale."
gap-gartner-ai-value-primary-level2.json,,,9,Manufacturers: Select the Right AI Use Cases to Drive Business ...,https://www.gartner.com/en/documents/7067398,Gartner Information Technology Research on Manufacturers: Select the Right AI Use Cases to Drive Business Value Today,"2026 Gartner, Inc. and/or its affiliates. All rights reserved. Gartner is a registered trademark of Gartner, Inc. and its affiliates. This publication may not be reproduced or distributed in any form without Gartner's prior written permission. It consists of the opinions of Gartner's business and technology insights organization, which should not be construed as statements of fact."
gap-gartner-ai-value-primary-level2.json,,,10,5 AI Best Practices of Top-Performing Organizations | Gartner,https://www.gartner.com/en/articles/organizations-with-high-ai-outcomes,"Discover five proven AI practices CIOs use to drive strong outcomes. Learn how leading organizations exceed CEO expectations with integrated strategy, dedicated teams, trust, measurement and portfolio management.","As a CIO, you can strengthen your organization’s AI capabilities to realize key business outcomes, including revenue growth, human capital effectiveness, customer experience, risk mitigation, asset utilization and cost reduction."
gap-guidecx-kpis-level2.json,,,1,How Customer Onboarding Can Accelerate Time to Value – GUIDEcx,https://www.guidecx.com/blog/customer-onboarding-accelerate-time-to-first-value/,"Designing a stellar onboarding experience can help companies streamline this path to TTV. Interestingly enough, even a single disappointing experience can","Discover how GUIDEcx can help you improve efficiency by reducing your customer onboarding timeline and increasing the capacity of your project managers. Our unparalleled professional resources and unwavering commitment to excellence support our industry-leading customer onboarding solution. ... Founder and CEO of GuideCX, Peter has revolutionized the implementation experience by providing the world’s most advanced tools for creating a seamless and unforgettable onboarding experience for your customers."
gap-guidecx-kpis-level2.json,,,2,Customer Onboarding Best Practices—Lessons from Sales That Can ...,https://www.guidecx.com/blog/customer-onboarding-best-practices-lessons-from-sales-that-can-reduce-churn/,"A VP might care about quarterly ... onboarding metrics, while daily users simply want new features or fewer clicks to complete common tasks. Organizational Realities: Who actually has the bandwidth to optimize implementation right now? Implementation timelines often collide with quarter-end activities, annual planning, or other strategic initiatives. Understanding the competing priorities that might impact your project helps establish ...","A VP might care about quarterly reporting efficiency and real-time onboarding metrics, while daily users simply want new features or fewer clicks to complete common tasks. Organizational Realities: Who actually has the bandwidth to optimize implementation right now? Implementation timelines often collide with quarter-end activities, annual planning, or other strategic initiatives. Understanding the competing priorities that might impact your project helps establish realistic expectations."
gap-guidecx-kpis-level2.json,,,3,17 Questions You Should Ask to Evaluate Customer Onboarding Solutions ...,https://www.guidecx.com/blog/17-questions-to-evaluate-customer-onboarding-solutions/,"A lot of tools have internal-facing project management for onboarding, but it’s not a customer partnership. It’s different with GUIDEcx. ... A cumbersome system with clunky processes can drag out implementation. Customer engagement begins to drop off the longer onboarding takes. This means the time to first value for your customer takes forever as well. As you research various platform options, ask current customers for TTFV (time to value) metrics ...","A lot of tools have internal-facing project management for onboarding, but it’s not a customer partnership. It’s different with GUIDEcx. ... A cumbersome system with clunky processes can drag out implementation. Customer engagement begins to drop off the longer onboarding takes. This means the time to first value for your customer takes forever as well. As you research various platform options, ask current customers for TTFV (time to value) metrics they achieved with the platform that will help you define which system is providing the fastest way to value."
gap-guidecx-kpis-level2.json,,,4,5 More Must-Know Metrics for Customer Onboarding – GUIDEcx,https://www.guidecx.com/blog/5-more-must-know-metrics-for-customer-onboarding/,"The overall goal here is to help the customer add value. Revenue is a natural outcome of a trust-based relationship with a client who looks to you to provide solutions. As you implement these key success measurements into the onboarding process, make sure that you are using some of these best practices: Set goals: Goals should include specific definitions for each metric, be measurable (see the formulas listed above), achievable, relevant, and completed in a timely ...","The overall goal here is to help the customer add value. Revenue is a natural outcome of a trust-based relationship with a client who looks to you to provide solutions. As you implement these key success measurements into the onboarding process, make sure that you are using some of these best practices: Set goals: Goals should include specific definitions for each metric, be measurable (see the formulas listed above), achievable, relevant, and completed in a timely fashion."
gap-guidecx-kpis-level2.json,,,5,5 Must-Know Metrics For Your Client Onboarding Strategies – GUIDEcx,https://www.guidecx.com/blog/metrics-for-client-onboarding-strategies/,"Tracking ongoing engagement with your new customers via surveys, queries, and other forms for collecting feedback generates valuable data on the customer experience. During onboarding, your project manager prioritized total accessibility and transparency for the client.","“Understanding metrics helps you have better discussions with your leaders and prove value to both your organization and your customers,” says Donna. More importantly, by collecting quantitative data on your onboarding performance, you position your customer success team as an essential resource in establishing effective onboarding and customer retention strategies. Book a demo to see how GUIDEcx can transform implementations for you."
gap-guidecx-kpis-level2.json,,,6,How to Drive Value Realization in the Client Onboarding Process ...,https://www.guidecx.com/blog/how-to-drive-value-realization-in-the-client-onboarding-process/,"This automation shifts the conversation ... project managers and the onboarding team into strategic advisors. Todd White shared in the same webinar that one organization found that after implementing automated progress tracking, their implementation team spent 40% more time discussing business outcomes with customers...","This automation shifts the conversation from “Where are we in the process?” to “How will this impact your business?” It transforms project managers and the onboarding team into strategic advisors. Todd White shared in the same webinar that one organization found that after implementing automated progress tracking, their implementation team spent 40% more time discussing business outcomes with customers."
gap-guidecx-kpis-level2.json,,,7,Customer Onboarding Efficiency – GUIDEcx,https://www.guidecx.com/solutions/maximize-your-customer-onboarding-efficiency/,"In other words, the time between their purchase and when they see value shrinks, making customers happier. And since companies often don’t start charging customers until they’ve been onboarded and set up, faster TTV for your customers means you start billing faster and realize total revenue over the life of each customer. Teams manage more projects simultaneously. An onboarding solution can help your onboarding and implementation ...","In other words, the time between their purchase and when they see value shrinks, making customers happier. And since companies often don’t start charging customers until they’ve been onboarded and set up, faster TTV for your customers means you start billing faster and realize total revenue over the life of each customer. Teams manage more projects simultaneously. An onboarding solution can help your onboarding and implementation teams manage more projects, boosting team member capacity three or four times over."
gap-guidecx-kpis-level2.json,,,8,Introducing a New Tool to Score Your Customer Onboarding Process ...,https://www.guidecx.com/blog/introducing-a-new-tool-to-score-your-customer-onboarding-process/,"Score your customer onboarding process with a tool that grades across categories like customer engagment, accountability, and visibility.","This one is simple: do you know how long it takes your customers to reach their first meaningful outcome (e.g. time to value)? Not an estimate, but an actual, measurable number that you’re benchmarking and improving. A lot of teams we hear from have a rough sense of it. Fewer are measuring it consistently, and fewer still are mapping their onboarding stages to value milestones in a way that lets them identify where projects commonly stall."
gap-guidecx-kpis-level2.json,,,9,The Hidden Costs of a Poor Customer Onboarding Process – GUIDEcx,https://www.guidecx.com/blog/the-hidden-costs-of-a-poor-customer-onboarding-process/,"Did you know that customer churn starts within the first 30 days of someone purchasing a product? According to data from Statista , in 2020, mobile apps lost an","To make any improvements to your onboarding process, you must first have metrics you can measure. Most people who aren’t doing the implementation work themselves don’t fully understand the number of hours needed for implementation. If you don’t know the hours, you don’t know the cost. If you aren’t yet tracking implementation tasks and total implementation time, you won’t be able to recognize success when it happens or “misses” that need fixing."
gap-guidecx-kpis-level2.json,,,10,Making Data Work for You in Customer Onboarding Automation – GUIDEcx,https://www.guidecx.com/blog/making-data-work-for-you-in-customer-onboarding-automation/,Apply discovery templates that optimize and cut implementation time by 66% through smarter data collection · Create visibility systems that eliminate the costly information gaps and streamline communication between departments during the client onboarding process · Convert repetitive manual tasks into automated workflows that deliver consistently perfect outcomes · Track the early warning metrics ...,Apply discovery templates that optimize and cut implementation time by 66% through smarter data collection · Create visibility systems that eliminate the costly information gaps and streamline communication between departments during the client onboarding process · Convert repetitive manual tasks into automated workflows that deliver consistently perfect outcomes · Track the early warning metrics that predict customer success long before traditional KPIs
gap-mckinsey-ai-primary-level2.json,,,1,Seizing the agentic AI advantage | McKinsey,https://www.mckinsey.com/capabilities/quantumblack/our-insights/seizing-the-agentic-ai-advantage,"Discover how the GenAI paradox shapes AI agents in both vertical and horizontal use cases, highlighting the potential of agentic AI.","The agents assist RMs by extracting data, drafting memo sections, generating confidence scores to prioritize review, and suggesting relevant follow-up questions. In this model, the analyst’s role shifts from manual drafting to strategic oversight and exception handling. Impact: A potential 20 to 60 percent increase in productivity, including a 30 percent improvement in credit turnaround · Realizing AI’s full potential in the vertical realm requires more than simply inserting agents into legacy workflows."
gap-mckinsey-ai-primary-level2.json,,,2,Agentic AI: Moving beyond pilots to enterprise impact | McKinsey ...,https://www.mckinsey.com/featured-insights/mckinsey-live/webinars/agentic-ai-moving-beyond-pilots-to-enterprise-impact,The time for experimenting with individual initiatives is over; the age of AI agents is here.,"However, although 80 percent of companies are using generative AI in some form in at least one business function, its impact on the bottom line is not yet material at the enterprise-wide level. During a McKinsey Live event, partner Dave Kerr and senior partner Klemens Hjartar discussed the state of agentic AI at forward-looking companies, the importance of being in the race to realize agentic AI’s full potential and be an early adopter, and the requirements to scale."
gap-mckinsey-ai-primary-level2.json,,,3,One year of agentic AI: Six lessons from the people doing the work,https://www.mckinsey.com/capabilities/quantumblack/our-insights/one-year-of-agentic-ai-six-lessons-from-the-people-doing-the-work,A successful agentic AI deployment isn’t easy to achieve. We look at six key factors your business should consider when deploying your own program.,"As AI agents continue to proliferate, the question of what role humans will play has generated much anxiety—about job security, on the one hand, and about high expectations for productivity increases, on the other."
gap-mckinsey-ai-primary-level2.json,,,4,Bridging the great AI agent and ERP divide to unlock value at scale,https://www.mckinsey.com/capabilities/mckinsey-technology/our-insights/bridging-the-great-ai-agent-and-erp-divide-to-unlock-value-at-scale,"Discover how AI and ERP integration drives agentic enterprise, domain transformation, and AI-enabled workflows for seamless ERP modernization for AI.","While it is unlikely that AI agents will replace the ERP in the near or medium term because of system complexity, companies should consider not only how AI agents will disrupt ERP operations but also how they provide a powerful capability for evolving and modernizing ERP itself. AI is projected to generate between $17 trillion and $26 trillion in global economic impact (Exhibit 2).3“The economic potential of generative AI: The next productivity frontier,” McKinsey, June 14, 2023."
gap-mckinsey-ai-primary-level2.json,,,5,Agentic AI implementations in advanced industries | McKinsey,https://www.mckinsey.com/industries/automotive-and-assembly/our-insights/empowering-advanced-industries-with-agentic-ai,"Discover how advanced industries are beginning to realize the promise of agentic AI, driving real-world implementations to boost efficiency, foster innovation, and stay ahead in a competitive market.",The capabilities described above may sound like science fiction. But early movers are already realizing significant gains through agentic systems. Below are two examples illustrating the form these first-generation deployments are taking.
gap-mckinsey-ai-primary-level2.json,,,6,Generative AI has ignited a wave of enthusiasm and investment. ...,https://www.mckinsey.com/cn/our-insights/our-insights/beyond-the-hype-unlocking-value-from-the-ai-revolution,"Building flashy AI prototypes is easy, but generating measurable business value is not.","AI tools that help with general tasks can make employees more productive, but the small time savings they create often don't lead to noticeable financial benefits. Meanwhile, high-value vertical use cases, often tailored to specific business functions, remain largely stuck in the pilot phase — a phenomenon we call the “Generative AI Value Paradox” (Exhibit 1). The wave of generative AI continues to gain momentum, with agentic AI pushing the boundaries even further."
gap-mckinsey-ai-primary-level2.json,,,7,Seizing the agentic AI advantage,https://www.mckinsey.com/~/media/mckinsey/business%20functions/quantumblack/our%20insights/seizing%20the%20agentic%20ai%20advantage/seizing-the-agentic-ai-advantage.pdf,"The agents assist RMs by extracting · data, drafting memo sections, generating confidence scores to prioritize review, and suggesting relevant follow- up questions. In this model, the analyst’s role shifts from manual drafting to strategic oversight and exception ... Impact: A potential 20 to 60 percent increase in productivity, including a 30 percent improvement in credit ... Realizing ...","The agents assist RMs by extracting · data, drafting memo sections, generating confidence scores to prioritize review, and suggesting relevant follow- up questions. In this model, the analyst’s role shifts from manual drafting to strategic oversight and exception ... Impact: A potential 20 to 60 percent increase in productivity, including a 30 percent improvement in credit ... Realizing AI’s full potential in the vertical realm requires more than simply inserting agents into legacy"
gap-mckinsey-ai-primary-level2.json,,,8,The promise and the reality of gen AI agents in the enterprise,https://www.mckinsey.com/industries/technology-media-and-telecommunications/our-insights/the-promise-and-the-reality-of-gen-ai-agents-in-the-enterprise,"The evolution of generative AI has opened the door to new opportunities, particularly with gen AI agents than can now perform essential duties and tasks.","Barr Seitz: Where do you see the greatest value from gen AI agents? ... Jorge Amar: We have estimated that gen AI enterprise use cases could yield $2.6 trillion to $4.4 trillion annually in value across more than 60 use cases.1“The economic potential of generative AI: The next productivity frontier,” McKinsey, June 14, 2023. But how much of this value is realized as business growth and productivity will depend on how quickly enterprises can reimagine and truly transform work in priority domains—that is, user journeys, processes across an entire chain of activities, or a function."
gap-mckinsey-ai-primary-level2.json,,,9,Agentic AI and the future of customer experience | McKinsey,https://www.mckinsey.com/capabilities/operations/our-insights/the-future-of-customer-experience-embracing-agentic-ai,Agentic AI offers the potential to unlock new levels of productivity in service operations. We look at how this technology can enhance the customer experience.,"Let’s look at the next chapter of AI—agentic AI, and how it could unlock the next generation of operational excellence and productivity in service operations. We dig into the high stakes of continued investment in digital transformation and the potential payoffs."
gap-mckinsey-ai-primary-level2.json,,,10,How COOs maximize operational impact from gen AI and agentic AI ...,https://www.mckinsey.com/capabilities/operations/our-insights/how-coos-maximize-operational-impact-from-gen-ai-and-agentic-ai,"By defining the right operating structure, data governance model, and change management approach, COOs can help their companies make the most of their AI investments.","Only 12 percent of these organizations have been able to find revenue-generating use cases for gen AI. And while the ultimate goal for these organizations is to achieve gen AI maturity, with gen AI fundamentally changing how work gets done, a mere 1 percent of executives say their organization has reached that point. That’s where the COO plays a critical role, as illustrated by several recent success stories where gen AI and gen-AI-based agents have helped redefine how a company creates value."
gap-pendo-proof-level2.json,,,1,What is a Digital Adoption Platform (DAP)? | Pendo,https://www.pendo.io/glossary/digital-adoption-platform/,"A digital adoption platform (DAP) is software that guides users through applications with in-app walkthroughs, analytics, and AI-powered support. Learn how DAPs drive adoption for customers and employees.","Unlock the potential of a Digital Adoption Platform (DAP) to streamline user onboarding, provide performance support, and more."
gap-pendo-proof-level2.json,,,2,Best Digital Adoption Platforms 2026: Top 10 Compared | Pendo.io,https://www.pendo.io/pendo-blog/top-10-digital-adoption-platforms/,"Compare the top 10 digital adoption platforms of 2026. Expert analysis of Pendo, WalkMe, Whatfix, Appcues & more—including features, pricing, AI capabilities, and G2 ratings. Find the best DAP for your team.","Define measurable goals for adoption, engagement, and productivity. These will serve as benchmarks to evaluate the DAP's performance and demonstrate its ROI · Ensure seamless integration within existing workflows. Consider how the DAP interacts with your current software ecosystem. Its effectiveness is enhanced significantly when it operates as an integral part of your users' daily routines, not just as an add-on. Train internal teams on how to interpret analytics for ongoing improvement."
gap-pendo-proof-level2.json,,,3,Digital adoption solutions for employee software | Pendo.io,https://www.pendo.io/digital-adoption/,"Drive faster software adoption across your organization. Pendo provides in-app guidance, analytics, and continuous support to help employees master digital tools and boost productivity.","Real-time analytics show adoption progress, allowing change managers to identify struggling users and intervene proactively. ... Yes. Pendo tracks key adoption metrics including feature usage, user engagement, task completion rates, and time-to-value. Teams can measure how quickly employees adopt new tools, identify which features drive productivity, and calculate ROI on software investments."
gap-pendo-proof-level2.json,,,4,Pendo vs WalkMe: Modern DAP Platform vs Legacy Solution,https://www.pendo.io/pendo-vs-walkme/,"Unlike WalkMe’s disjointed tools ... combines analytics, segmentation, and in-app guidance in a single cohesive solution. What does this mean for Pendo customers? Faster implementation, less complexity, and measurable impact all in a single tool. 396% ROI | 6mo. Payback Period | $1.2m in Team Efficiencies ... Digital adoption platforms ...","Unlike WalkMe’s disjointed tools and complex integrations, Pendo's unified, intuitive platform combines analytics, segmentation, and in-app guidance in a single cohesive solution. What does this mean for Pendo customers? Faster implementation, less complexity, and measurable impact all in a single tool. 396% ROI | 6mo. Payback Period | $1.2m in Team Efficiencies ... Digital adoption platforms (DAPs) like WalkMe emerged over a decade ago to help enterprises guide employees through complex software changes during cloud migrations."
gap-pendo-proof-level2.json,,,5,"Digital Adoption: Definition, Examples & Strategy | Pendo",https://www.pendo.io/glossary/digital-adoption/,"Digital adoption is the process of getting users to fully leverage technology — from onboarding to long-term engagement. Explore the definition, real-world examples, benefits, and strategies.",Digital adoption refers to the state in which users are able to leverage digital tools to the fullest extent. Learn more about digital adoption here.
gap-pendo-proof-level2.json,,,6,Pendo Agent Analytics | Prove AI Agent Value & Adoption,https://www.pendo.io/product/agent-analytics/,"While other tools force you to ... for analytics, another for guides, a third for roadmapping—Pendo closes the loop: understand user behavior, capture sentiment, prioritize what to build, and drive adoption with targeted experiences, all from one platform. This integrated approach means faster time-to-insight, better cross-functional alignment, and the ability to act on data without switching contexts. Organizations see faster ROI compared to alternatives, with implementations measured in ...","While other tools force you to stitch together multiple vendors—one for analytics, another for guides, a third for roadmapping—Pendo closes the loop: understand user behavior, capture sentiment, prioritize what to build, and drive adoption with targeted experiences, all from one platform. This integrated approach means faster time-to-insight, better cross-functional alignment, and the ability to act on data without switching contexts. Organizations see faster ROI compared to alternatives, with implementations measured in weeks rather than quarters—whether you're a 50-person startup or a Fortune 500 enterprise with thousands of applications."
gap-pendo-proof-level2.json,,,7,Digital Adoption Solutions: How to pick the right one - Pendo Blog ...,https://www.pendo.io/pendo-blog/how-to-pick-the-right-digital-adoption-solution/,Here are five steps to follow when selecting which digital adoption solution will best fit your organization. Learn more about digital adoption solutions.,"But the most effective digital adoption solutions enable you to actually quantify the impact your digital adoption strategy is having on behavior change. Whether it’s measuring support ticket reduction tied to a problematic workflow, or simply calculating how much less time employees spend on a crucial process now that you’ve built an in-app walkthrough, Pendo provides robust analytics to help quantify the impact and cost savings of in-app training."
gap-pendo-proof-level2.json,,,8,The operations guide to digital adoption | Pendo.io,https://www.pendo.io/resources/the-operations-guide-to-digital-adoption/,Learn about the most effective ways to drive process optimization in the digital workplace.,This usually means aligning around certain KPIs. They may want X% of employees to be completing the new process after a given time period following the implementation. Or they may focus on the percentage successfully adopting a new component or application in the process.
gap-pendo-proof-level2.json,,,9,AI-Powered Analytics & Adoption Platform | Pendo,https://www.pendo.io/,AI-powered analytics and adoption platform for builders. Pendo connects your entire portfolio—apps and agents—to user success and business outcomes.,"Measure AI adoption and impact. ... See experiences through users’ eyes. ... Turn user voices into product insights. ... Know who will churn before they do. ... Understand what users care about. ... Understand what users care about. ... Guide users in-app and beyond. ... Break down data silos. ... Pendo works where you work. ... AI that delivers outcomes for you. AGENT ANALYTICSTrack AI, prove ROI."
gap-pendo-proof-level2.json,,,10,How analytics can guide your digital adoption strategy | Pendo.io,https://www.pendo.io/resources/the-analytics-led-path-to-digital-adoption/,Read about the importance of analytics for driving the best digital adoption strategy and tactics to help your employees succeed.,"Using analytics to glean insights about different groups, at different times, at different levels of granularity helps guide both the strategy and tactics of a digital adoption plan (more on that later). Driving successful digital adoption is a team effort, and everyone who’s part of that team stands to gain from the meaningful organizational insights good analytics provides: IT department: IT is usually considered responsible for implementing and driving the adoption of new software and digital tools, as well as managing the company tech budget."
gap-rocketlane-ps-kpis-level2.json,,,1,Top 15 Professional Services Time Tracking Software (2026),https://www.rocketlane.com/blogs/professional-services-time-tracking-software,"Top 15 professional services time tracking tools for 2026 reviewed - Rocketlane, Kantata, Deltek Replicon, Scoro, and Productive.","Rocketlane is an agentic professional services automation (PSA) platform with built-in time tracking, designed for enterprise onboarding, implementation, and consulting teams. Instead of treating time tracking as a standalone tool, Rocketlane connects time entries to project delivery, resource planning, and billing workflows, giving services teams real-time visibility into utilization, project margins, and billing readiness."
gap-rocketlane-ps-kpis-level2.json,,,2,"Client Onboarding: Process, Checklist & Templates [2026]",https://www.rocketlane.com/blogs/client-onboarding,"Rocketlane serves onboarding, implementation, and professional services teams at B2B SaaS companies, technology firms, and services organizations. It is designed for teams managing 20 or more concurrent projects that need a system built for customer-facing delivery, not repurposed internal project management. Outcome: Teams that move to a unified onboarding system report faster onboarding cycles, better customer visibility, improved team utilization...","Rocketlane serves onboarding, implementation, and professional services teams at B2B SaaS companies, technology firms, and services organizations. It is designed for teams managing 20 or more concurrent projects that need a system built for customer-facing delivery, not repurposed internal project management. Outcome: Teams that move to a unified onboarding system report faster onboarding cycles, better customer visibility, improved team utilization, and a consistent onboarding experience that does not depend on which project manager runs the engagement."
gap-rocketlane-ps-kpis-level2.json,,,3,2026 Professional Services Maturity Benchmark | Rocketane,https://www.rocketlane.com/blogs/professional-services-maturity-index-2026,SPI Research analyzed 509 PS firms to reveal where the industry is recovering and where it is under pressure. Here is what the 2026 benchmark shows.,"The spiral is self-reinforcing. Low utilization raises the cost per billable hour. That compresses the margin. Margin pressure triggers rate discounting to win bids. Discounting lowers revenue per consultant. Lower revenue means less budget for tools, training, and onboarding."
gap-rocketlane-ps-kpis-level2.json,,,4,Moving from Customer Onboarding to Professional Services,https://www.rocketlane.com/blogs/moving-from-customer-onboarding-to-professional-services,"At Propel23, Jay Crocker, Jenn Kleinschmidt, and Matt Henwood have a roundtable discussion on moving from customer onboarding to professional services.","At Gainsight, metrics such as margin against projects, profitability, and Net Promoter Score (NPS) are utilized. NPS helps gauge customer satisfaction with the onboarding process, and it's important to have a closed loop system for gathering feedback, evaluating it as a team, and implementing improvements based on key themes."
gap-rocketlane-ps-kpis-level2.json,,,5,Resource Allocation Guide for Professional Services Teams,https://www.rocketlane.com/blogs/resource-allocation,"Most PS teams allocate based on who's free. Learn the strategies, and approaches that match the right skills to every project, without burning out your team.",A senior resource may complete work faster but reduce the margin. A mid-level resource may increase delivery time but improve profitability. Effective resource allocation strategies evaluate both skill fit and cost structure. This allows teams to balance delivery quality with financial resources. Professional services demand fluctuates. Some periods create excess capacity. Others create staffing shortages. Bench management keeps utilization stable across cycles.
gap-rocketlane-ps-kpis-level2.json,,,6,"Pricing strategy consulting: Models, fees & profitability",https://www.rocketlane.com/blogs/pricing-strategy-consulting,"Learn how pricing strategy consulting connects pricing models, rates, and delivery to protect margins and drive predictable profitability.","Rocketlane's Nitro Analyst delivers real-time margin, utilization, and billing data without requiring manual reporting cycles. Teams get the financial signals they need while projects are still in flight, not after the quarter closes. Objection 3: ""The learning curve is too steep for our team."" Rocketlane ships with pre-built Playbook templates covering implementation, onboarding, and consulting workflows."
gap-rocketlane-ps-kpis-level2.json,,,7,Best Customer Onboarding Portal Software in 2026,https://www.rocketlane.com/blogs/customer-onboarding-portal,"Compare the 6 best customer onboarding portal tools for 2026 on features, pricing, and strong fit for professional services teams.","Delays during implementation slow time-to-value, consume delivery capacity, create customer frustration, and delay the business outcomes both teams are working toward. Industry benchmarking from SPI Research consistently links faster onboarding and higher billable utilization to stronger services margins."
gap-rocketlane-ps-kpis-level2.json,,,8,"Customer Onboarding Process: Flow, Steps & Template (2026)",https://www.rocketlane.com/blogs/customer-onboarding-process,"Onboarding taking too long? Learn the exact customer onboarding process, flow chart, and steps to reduce delays and speed time-to-value.","The margin protection compounds with every customer. ... You might also like... ... Choosing a customer onboarding tool for 2026? This guide compares platforms for enterprise SaaS, services-led, and product-led teams. Choosing a customer onboarding tool for 2026? This guide compares platforms for enterprise SaaS, services-led, and product-led teams. ... Learn how to implement your software for a new customer with a free template using this step-by-step guide."
gap-rocketlane-ps-kpis-level2.json,,,9,Best time and expense tracking software for PS teams,https://www.rocketlane.com/blogs/time-and-expense-tracking-software,"Compare Rocketlane, Certinia, Kantata, Harvest, Clockify, and more PS time and expense tools for utilization, approvals, project financials, and AI in 2026.","Compare Rocketlane, Certinia, Kantata, Harvest, Clockify, and more on time, expenses, utilization, approvals, project financials, and AI. ... Professional services teams didn’t suddenly become obsessed with time-and-expense tracking software. They became obsessed with understanding where their margins were disappearing. For years, implementation and consulting teams could get away with lightweight time trackers, spreadsheets, and disconnected project management tools."
gap-rocketlane-ps-kpis-level2.json,,,10,Resource Utilization: Complete Guide for PS Teams (2026),https://www.rocketlane.com/blogs/resource-utilization,"Learn how to measure and improve resource utilization to increase margins, optimize capacity, and scale professional services and teams.","Poor utilization shows up in three places: lower revenue per employee, eroded margins due to poor staffing, and burned-out top performers covering for idle capacity. High-performing teams do not wait for month-end reports. They see utilization drop in real time and rebalance the workload the same day. In this guide, you will learn how resource utilization actually works in modern professional services teams."
gap-uipath-agentic-productivity-level2.json,,,1,What is Agentic Automation? | UiPath,https://www.uipath.com/automation/agentic-automation,"Discover how agentic automation, powered by advanced AI like LLMs, GenAI, and LAMs, marks the next evolution in automation by enabling software agents to take autonomous action.","With agentic automation delivered through advanced automation technology, agents can now handle these types of probabilistic, less-well-structured tasks, allowing more processes to be fully automated end-to-end. The result: a high-performing, accurate automated process on the one hand, and more time for people to focus productively on higher-impact work on the other. For many enterprises, many decisions require rapidly analyzing massive amounts of data, drawing accurate conclusions, and taking quick action (think, for example, about real-time supply chain optimization, instant fraud identification, or on-demand next-best customer actions)."
gap-uipath-agentic-productivity-level2.json,,,2,Boost Productivity with Agentic Automation: E-Book | UiPath,https://www.uipath.com/resources/automation-whitepapers/boost-productivity-with-agentic-automation,"Agentic automation is an evolutionary leap in how enterprises leverage AI-driven technologies to enhance productivity and operational efficiency. Agentic automation empowers AI agents, human employees, and automation robots to automate complex workflows end to end, transforming the enterprise ...","Agentic automation is an evolutionary leap in how enterprises leverage AI-driven technologies to enhance productivity and operational efficiency. Agentic automation empowers AI agents, human employees, and automation robots to automate complex workflows end to end, transforming the enterprise landscape."
gap-uipath-agentic-productivity-level2.json,,,3,What is Agentic AI? | UiPath,https://www.uipath.com/ai/agentic-ai,"Discover Agentic AI, a breakthrough advancement in artificial intelligence that creates autonomous agents capable of analyzing data, setting goals, and taking action on their own.","Agentic AI is a new form of AI that enables agents to act autonomously to pursue goals, performing complex, decision-intensive workflows that until recently were considered too dynamic, contextual, and consequential to be automated. Agentic AI reaches enterprise scale through BOAT (Business Orchestration and Automation Technologies) the category that describes the integrated set of capabilities, including AI agents, robots, orchestration, and people, that work together to automate complex, end-to-end business workflows."
gap-uipath-agentic-productivity-level2.json,,,4,Agentic automation with UiPath Autopilot™ for everyone | Community ...,https://www.uipath.com/community-blog/tutorials/agentic-automation-with-uipath-autopilot,"Discover UiPath Autopilot for Everyone: A powerful tool that enables dynamic workflow execution with intelligent agents, simplifying automation and empowering productivity","If you'd like to be at the forefront of multi-agency and experience the official UiPath Agent Builder capability, delivering enterprise agents, make sure you register to their preview program. Use the link below to get ready with your agentic use cases! ... UiPath Autopilot for Everyone isn’t just another automation tool. It is a way to rethink how you manage complex workflows."
gap-uipath-agentic-productivity-level2.json,,,5,Agentic automation: the path to an orchestrated enterprise | UiPath,https://www.uipath.com/blog/ai/agentic-automation-path-to-orchestrated-enterprise,"Humans will use agents and robots ... their productivity, creating new agentic workflows as needed. Human in the loop will be crucial for exception management, with employees stepping in to solve ‌problems that agents and robots can’t. Human judgment, compassion, and responsibility can’t be replicated. That’s why people are the leaders, supervisors, and ultimate decision makers of agentic automation. Agents are core to agentic automation. But enterprises don’t just ...","Humans will use agents and robots as tools to supercharge their productivity, creating new agentic workflows as needed. Human in the loop will be crucial for exception management, with employees stepping in to solve ‌problems that agents and robots can’t. Human judgment, compassion, and responsibility can’t be replicated. That’s why people are the leaders, supervisors, and ultimate decision makers of agentic automation. Agents are core to agentic automation. But enterprises don’t just need autonomous agents who can do things—they need enterprise agents they can trust to do them safely, accurately, and reliably."
gap-uipath-agentic-productivity-level2.json,,,6,What are Agentic Workflows? | UiPath,https://www.uipath.com/ai/agentic-workflows,"What’s the real potential of agentic automation for your enterprise? What’s the right way to apply it in transforming your enterprise? Get real-world, experienced-based answers to these questions—and many more— in this joint report by PwC and UiPath. Agentic workflows bring remarkable capabilities to the table, but they’re not without their challenges. Like any cutting-edge technology, successful implementation ...","What’s the real potential of agentic automation for your enterprise? What’s the right way to apply it in transforming your enterprise? Get real-world, experienced-based answers to these questions—and many more— in this joint report by PwC and UiPath. Agentic workflows bring remarkable capabilities to the table, but they’re not without their challenges. Like any cutting-edge technology, successful implementation requires navigating a few hurdles."
gap-uipath-agentic-productivity-level2.json,,,7,Agentic Automation Platform & Features | UiPath,https://www.uipath.com/platform/agentic-automation,"See how unified orchestration turns AI agents and automation into coordinated performance that drives results. Most agents never make it to production. Learn why the platform is the difference, ensuring agents are secure, governed, reliable, and ready to deliver enterprise outcomes. ... Free up HR teams for more valuable work while ensuring compliance with SAP® workflows...","Discover UiPath Agentic Automation—where agents think, robots do, and people lead. See agentic automation in action!"
gap-uipath-agentic-productivity-level2.json,,,8,Make the leap to light speed with agentic automation | UiPath,https://www.uipath.com/blog/ai/agentic-automation-reinventing-workflows,"From robotic process automation ... has made enterprises more productive, profitable, and agile. But now, something bigger is happening. A new technology—agentic automation—is disrupting this cycle of incremental improvement, unlocking workflow reinvention the likes ...","From robotic process automation (RPA) to intelligent document processing (IDP), each new innovation has made enterprises more productive, profitable, and agile. But now, something bigger is happening. A new technology—agentic automation—is disrupting this cycle of incremental improvement, unlocking workflow reinvention the likes of which we’ve never seen."
gap-uipath-agentic-productivity-level2.json,,,9,Orchestrating the agentic enterprise: what’s new in UiPath 2025.10 ...,https://www.uipath.com/blog/product-and-updates/orchestrating-the-agentic-enterprise-whats-new-in-uipath-2025-10,"The UiPath 2025.10 release expands Maestro with new Case Management, Process Apps, and orchestration features that give enterprises greater visibility, control, and productivity.","Even the most elegantly designed workflow can’t deliver consistent results if it’s fed by incomplete, outdated, or siloed information. In most enterprises, this remains the norm: customer records in CRM, transactions in ERP, risk data in spreadsheets, and operational metrics scattered across analytics tools. Now in preview, UiPath Data Fabric closes this gap by serving as the unified data backbone for agentic automation."
gap-uipath-agentic-productivity-level2.json,,,10,How Agents are Accelerating Enterprise-Wide Transformation: UiPath ...,https://ir.uipath.com/news/detail/382/how-agents-are-accelerating-enterprise-wide-transformation-uipath-to-unveil-latest-agentic-automation-solutions-at-agentic-ai-summit,"NEW YORK--(BUSINESS WIRE)-- UiPath ... for implementing agentic AI and automation to deliver consistent, reliable, and transformative business outcomes. Agentic automation integrates AI agents, robots, and people to streamline operations, automate complex end-to-end business processes with multiple workflows and contextual decision-making, improve scalability, and unlock new levels of productivity...","NEW YORK--(BUSINESS WIRE)-- UiPath (NYSE: PATH), a leading enterprise automation and AI software company, today announced its annual UiPath Agentic AI Summit will take place online on March 25, offering attendees deeper insight into the latest UiPath agentic automation innovations and strategies for implementing agentic AI and automation to deliver consistent, reliable, and transformative business outcomes. Agentic automation integrates AI agents, robots, and people to streamline operations, automate complex end-to-end business processes with multiple workflows and contextual decision-making, improve scalability, and unlock new levels of productivity."
gap-walkme-proof-level2.json,,,1,WalkMe vs. Pendo vs. Whatfix | Why choose the #1 digital adoption ...,https://www.walkme.com/walkme-vs-pendo-vs-whatfix/,"Compare WalkMe vs. Pendo vs. Whatfix and see why WalkMe is the only AI-powered DAP built for enterprise security, automation, and scalability.","Compare WalkMe vs. Pendo vs. Whatfix and see why WalkMe is the only AI-powered DAP built for enterprise security, automation, and scalability. Discover how WalkMe eliminates manual updates, reduces IT workload by 50%, and delivers 85% ROI."
gap-walkme-proof-level2.json,,,2,368% ROI for Enterprises Using WalkMe Confirmed by Forrester Study,https://www.walkme.com/blog/forrester/,Read the results of the Forrester Total Impact Study that confirms and quantifies WalkMe DAP's massive impact on enterprise businesses.,"But we wanted to put our understanding of digital adoption’s ROI to the test. Based on four experienced WalkMe customers, we commissioned Forrester, a leading analyst firm, to perform a Total Economic Impact (TEI) study that provides a rigorous cost and benefit analysis for technology of all kinds."
gap-walkme-proof-level2.json,,,3,Which Digital Adoption Platform is best for Enterprise? - WalkMe Blog,https://www.walkme.com/blog/best-digital-adoption-platform/,"WalkMe delivers enterprise-grade security, AI automation, and measurable ROI that Pendo and Whatfix simply can't match.",WalkMe: Comprehensive analytics suite with 5.0/5.0 Forrester rating for process automation · Pendo: Product analytics focus with limited adoption insights · Whatfix: Basic reporting with limited cross-application visibility · 494% three-year ROI (IDC Research) 41.4 million in new revenue annually · 60% faster user adoption of applications · 87% reduction in business errors ·
gap-walkme-proof-level2.json,,,4,Digital Adoption Resources: The Online Resource Center for Digital ...,https://www.walkme.com/digital-adoption-resources/,The online resource center for top digital adoption content on how to fully utilize your technology for business success.,"Learn why Forrester named WalkMe a Leader in the DAP sphere. ... Discover why Omdia writes that DAP should be a foundation of any IT strategy. ... Explore this report to learn about the intersection of DAP, GenAI, and ROI."
gap-walkme-proof-level2.json,,,5,The emergence of digital adoption platforms: A game changer for ...,https://www.walkme.com/blog/dap-workplace-efficiency/,DAP is at a tipping point as enterprises realize how digital adoption maximizes software ROI. Learn how DAP boosts digital transformation.,"And according to The Forrester New Wave™: Digital Adoption Platforms, Q4 2022, “DAPs enable firms to continuously track and improve adoption, usage, and experience for all users.”** Gartner’s report acknowledges that DAPs enable organizations to drive more ROI by enhancing usage of existing assets and eliminating duplicative and/or non-impactful technology."
gap-walkme-proof-level2.json,,,6,WhatFix best alternative - WalkMe - Digital Adoption Platform,https://www.walkme.com/lpages/whatfix-best-alternative/,"Get the best WhatFix alternative - WalkMe. WalkMe’s AI-powered automation, enterprise-grade security, and cross-application scalability set it apart from competitors.","WalkMe delivers 85% ROI, 87% fewer errors, and a 5.00/5.00 Forrester rating for automation."
gap-walkme-proof-level2.json,,,7,WalkMe Blog - Digital adoption & Change Management Blog,https://blog.walkme.com/forrester/,"Today, WalkMe is introducing WalkMe Learning Arc, a new digital learning solution powered by AI that transforms the way organizations… · Digital Transformation","Get the visibility and tools you need to deliver frictionless, people-first experiences users demand and achieve the software ROI you expect."
gap-walkme-proof-level2.json,,,8,The Quantified Value of DAP Can Change Your Company’s Future,https://blog.walkme.com/quantified-value/,"Forrester Total Economic Impact (TEI) study, reveals the quantified the value of WalkMe’s Digital Adoption Platform (DAP), read more.","Forrester recently published a Total Economic Impact (TEI) commissioned study, which gives the quantified value of WalkMe’s Digital Adoption Platform (DAP); revealing a 368% ROI over a period of three years!"
gap-walkme-proof-level2.json,,,9,"Breaking down The Forrester New Wave™: Digital Adoption Platforms, ...",https://www.walkme.com/blog/forrester-new-wave-q4-2022/,"Discover why WalkMe was named a leader in The Forrester New Wave™: Digital Adoption Platforms, Q4 2022. Learn about the top DAP providers.","The Forrester New Wave™: Digital Adoption Platforms, Q4 2022 provides great insight into what enterprises should consider before selecting a DAP provider. ... To learn more about the power of DAP and why we believe WalkMe can help you meet your digital KPIs, tune in on November 16th for our webinar, ‘Digital adoption: The new imperative for software ROI’."
gap-walkme-proof-level2.json,,,10,Forrester NewTech DAP report - WalkMe - Digital Adoption Platform,https://www.walkme.com/content/forrester-newtech-dap/,WalkMe is listed by Forrester as a mature vendor that empowers organizations to streamline their digital transformation efforts,"“As this market matures, DAPs will evolve into a key support and enablement layer for both employee and customer-facing software. Technology executives on their digital transformation journeys should consider DAPs as a strategic investment...” - New Tech: Digital Adoption Platforms, Q2 2022, Vasupradha Srinivasan, Senior Analyst, Forrester."
gap-whatfix-proof-level2.json,,,1,ROI of a Digital Adoption Platform: Quantifying DAP Value - Whatfix,https://whatfix.com/blog/digital-adoption-platform-roi/,"Discover how digital adoption platforms (DAPs) drive ROI across the application lifecycle by improving onboarding, support, compliance, and user productivity.","To further break down the value a DAP can extract from an application, here is the average ROI of a digital adoption platform investment from real Whatfix customers based on the number of application users: Digital transformation leaders must define ROI by looking beyond cost savings. The ROI of a DAP investment spans across departments, including things like: User productivity gains. Reduction in support tickets."
gap-whatfix-proof-level2.json,,,2,7 Best Digital Adoption Platforms for Enterprise Teams (2026) - ...,https://whatfix.com/digital-adoption-platform/,"Compare the best digital adoption platforms for enterprise teams, including governance, analytics, and multi-app support for complex software rollouts.","In large organizations, DAP value appears in three places: guided execution within the application that accelerates time-to-proficiency and eliminates user errors, in-app self-service support that reduces tickets, and analytics that demonstrate adoption, workflow performance, and overall digital value realization. While there are 95 DAPs listed on G2, only 6 have a enterprise-led market share, with most focusing on mid-market and SMBs. An enterprise DAP can drive measurable ROI across departments and use cases, having down-stream effects across the organizations. Its key outcomes center on accelerated time-to-proficiency, reduction of support tickets, elimination of user errors, faster task completion, and improved customer experience."
gap-whatfix-proof-level2.json,,,3,What Is Digital Transformation? Strategies to Drive Adoption,https://whatfix.com/digital-transformation/,"Digital transformation is the process of transforming legacy, outdated applications and processes with cloud technologies & digital workflows.","Modernization programs often put enormous effort into system selection, implementation, and change management, then leave users to figure out how to execute new everyday processes on their own. Whatfix closes that gap with a unified platform for digital transformation adoption and ROI."
gap-whatfix-proof-level2.json,,,4,Whatfix | Digital Adoption Platform,https://whatfix.com/products/digital-adoption-platform/,Whatfix Digital Adoption Platform guides users in the flow of work and resolves confusion with just-in-time help to maximize enterprise software ROI.,"Core Whatfix DAP use cases include onboarding new users, guiding employees through complex workflows, deflecting support tickets with in-app self-service, reinforcing process compliance, supporting go-lives and policy changes, and optimizing workflows based on user behavior and friction data. Whatfix DAP helps enterprises improve time-to-proficiency, reduce support burden, lower errors and rework, improve workflow completion, strengthen compliance, and maximize software ROI."
gap-whatfix-proof-level2.json,,,5,What Is Digital Adoption? How to Build a Scalable Program,https://whatfix.com/digital-adoption/,"Learn what digital adoption is, why it matters, and how to build a digital adoption program from pilot to enterprise operating model.",Whatfix’s 2026 State of Enterprise Digital Transformation ROI report highlights the upside of closing the digital adoption gap at the workflow level with a digital adoption platform (DAP).
gap-whatfix-proof-level2.json,,,6,"Digital Adoption Manager in 2025: Role, Challenges, and How to ...",https://whatfix.com/blog/digital-adoption-manager/,"A digital adoption manager oversees a company’s digital adoption strategy, helping to extract the most value from software applications.","DAMs frequently struggle with tool sprawl, low user adoption, resistance to change, and limited visibility into adoption success. They also face pressure to prove ROI on technology investments, often without sufficient analytics or resources. Key metrics include user adoption rates, time-to-proficiency, reduction in support tickets, feature utilization, and overall productivity gains."
gap-whatfix-proof-level2.json,,,7,Whatfix - Digital Adoption Platform and Analytics,https://whatfix.com/,"Guide users in-app with Whatfix. Provide simulation training, track adoption, and drive outcomes across enterprise software investments.","Whatfix's interactive digital adoption platform and analytics enable employees with contextual user experiences, step-by-step guidance, self-help user support, and user behavior analytics to drive digital adoption for desktop, mobile, and web applications."
gap-whatfix-proof-level2.json,,,8,13 Common Help Desk Tickets in 2025 (+How to Solve Them) - Whatfix,https://whatfix.com/blog/common-help-desk-tickets/,"In this article, we’ll familiarize you with the most common help desk ticket issues and provide solutions to overcome them.","When the recruiting company, Reed, transitioned to a new CRM software, its service desk was bogged down by high volumes of assistance calls on simple “how to” questions. Reed used Whatfix’s digital adoption platform to create and implement self-help guides within the CRM, resulting in a 23% reduction in support calls per user in six months."
gap-whatfix-proof-level2.json,,,9,37+ Uses Cases for a Digital Adoption Platform (DAP) - Whatfix,https://whatfix.com/blog/dap-use-cases/,"Explore direct use cases of Whatfix's digital adoption platform, enabling organizations to improve CRM, HCM, and other application workflows.","Improved nCino adoption led to the growth of digital deposits and new loan accounts. Faster employee time-to-proficiency on nCino, reduction in nCino support tickets from employees and customers, and improved loan process efficiency."
gap-whatfix-proof-level2.json,,,10,What Is Digital Adoption? How to Build a Scalable Program,https://website.whatfix.com/digital-adoption/,"Learn what digital adoption is, why it matters, and how to build a digital adoption program from pilot to enterprise operating model.",Whatfix’s 2026 State of Enterprise Digital Transformation ROI report highlights the upside of closing the digital adoption gap at the workflow level with a digital adoption platform (DAP).
gap-workato-ai-roi-level2.json,,,1,Agentic Orchestration: Driving the Future of Enterprise AI,https://www.workato.com/the-connector/agentic-orchestration-future/,"Discover agentic orchestration, how it powers enterprise AI, automates workflows, boosts productivity, and enables real-time decisions.","In our recent keynote presentation, we unveiled “Agentic“—a revolutionary leap forward in enterprise automation and AI integration. Agentic promises to boost productivity, streamline operations, and drive unprecedented business agility."
gap-workato-ai-roi-level2.json,,,2,Workato Agentic Orchestration | AI Agents that Get Results | Workato,https://www.workato.com/agentic,Build and manage AI agents code-free with Workato Genie. Dynamically orchestrate workflows and take actions in any app or system.,"Enterprise AI agents that blend reasoning, action, and orchestration to transform how business gets done. Powered by your workflows, they connect every system, follow your rules, and deliver measurable results faster than ever."
gap-workato-ai-roi-level2.json,,,3,How to Orchestrate AI-Powered Workflows,https://www.workato.com/the-connector/orchestrate-ai-workflows/,"Learn why enterprise orchestration is critical for AI success, and how to get started with building AI powered workflows.","Microsoft CEO Satya Nadella recently declared, “Software is dead; long live AI agents!” While this currently might be an overstatement,..."
gap-workato-ai-roi-level2.json,,,4,Find the right Workato Service Partner,https://partners.workato.com/consultants,Need help with a project for Workato? Find the Service Partner with the best skills to assist you.,"AGENTIC & AI POSITIONING Beyond traditional integration, UST is helping clients adopt agentic automation: deploying Workato's MCP capabilities and AI genies to reduce manual work in IT operations, HR, finance, and procurement workflows - with responsible AI governance built in from the start. SERVICES • Strategy & architecture — integration + MCP roadmaps, platform selection, and pattern libraries. • Implementation — end-to-end delivery including custom connector development."
gap-workato-ai-roi-level2.json,,,5,"Agent Studio | Build, Deploy & Govern Enterprise-Ready AI Agents ...",https://www.workato.com/agentstudio,"Scale AI enterprise-wide with Agent Orchestration—automate multi-agent workflows, trigger event-driven actions, and maintain control with enterprise security.","Through Enterprise Skills, Genies orchestrate multi-step workflows, handle exceptions, request approvals, and coordinate across systems to deliver real, measurable outcomes. Powered by Workato’s event-driven iPaaS, Genies don’t wait for prompts, they respond automatically to business triggers, schedules, and APIs. Deliver continuous productivity through AI that anticipates and acts."
gap-workato-ai-roi-level2.json,,,6,From Automation to Autonomy: Transforming GTM with AI Agents,https://www.workato.com/the-connector/gtm-ai-agents/,"In a world powered by intelligent, autonomous AI agents, GTM teams must rethink their strategies to go from mere automation to true autonomy.","The landscape of go-to-market (GTM) operations is undergoing a seismic shift. What began with simple chat-based bots is rapidly evolving into a world powered by intelligent, autonomous AI agents. This transformation challenges GTM teams to fundamentally rethink their strategies, demanding a move from mere automation to true autonomy."
gap-workato-ai-roi-level2.json,,,7,AI DevOps Agents: What They Are and Why They Matter,https://www.workato.com/the-connector/devops-ai-agents/,"DevOps automation reduces repetitive work, but traditional scripts tend to break when requirements change. AI DevOps agents go further —...","DevOps automation reduces repetitive work, but traditional scripts tend to break when requirements change. AI DevOps agents go further — watching systems, thinking about issues, and fixing problems autonomously."
gap-workato-ai-roi-level2.json,,,8,AI at the Core: Why Embedded AI is Essential for Enterprise ...,https://www.workato.com/the-connector/essential-embedded-ai/,"In today’s digital economy, technology is no longer just a business enabler—it’s the engine driving growth, differentiation, and resilience. Organizations...","Learn why embedded AI is essential for enterprise orchestration and how AI copilots, workflows, and IDP improve automation at scale."
gap-workato-ai-roi-level2.json,,,9,Workato Platform Features and Benefits | Workato,https://www.workato.com/platform,"Experience Workato's enterprise orchestration platform designed for powerful integrations and automation, connecting your business efficiently and securely.","Search systems, get AI help, take real action—all in one place. Enterprise agents that understand your business and get things done. Agents coordinate with people, systems, and each other to complete workflows, collaborate across teams, and drive real business outcomes. Track agent performance, usage, and impact — with full transparency into workflows, KPIs, and ROI to optimize behavior and ensure trust."
gap-workato-ai-roi-level2.json,,,10,AI Sales Agents: The Complete Guide,https://www.workato.com/the-connector/ai-sales-agent/,"Discover how AI sales agents work, their benefits, and best practices for deploying them to transform modern sales workflows.","Sales organizations are under growing pressure to move faster and deliver more personalized experiences without adding headcount. Unfortunately, manual lead..."
gap2-beacon-denominators-level2.json,,,1,Beacon.li Customers & Case Studies | AI Implementation ...,https://www.beacon.li/customers,Reduce implementation effort and timelines by 60%+ with Beacon’s AI orchestration platform. Watch it run on your product in just 7 days.,"Leading Fintech automated Cash Application onboarding and achieved 85% faster handovers, 60% fewer config defects, and 30% lower implementation costs."
gap2-beacon-denominators-level2.json,,,2,Darwinbox Implementation Case Study: 85% Faster Onboarding | Beacon.li,https://www.beacon.li/case-study/darwinbox-implementation-85-percent-faster-onboarding,Reduce implementation effort and timelines by 60%+ with Beacon’s AI orchestration platform. Watch it run on your product in just 7 days.,
gap2-beacon-denominators-level2.json,,,3,How Darwinbox Achieved 85% Faster Implementations with Beacon.li,https://www.beacon.li/darwinbox-implementation-case-study,"Darwinbox, a global HR platform, partners with Beacon.li to simplify client implementation for its hyper-dependent Leave Module, where every setup ties deeply into Core HR logic.",
gap2-beacon-denominators-level2.json,,,4,Global Marketplace Achieves 80% Faster Seller Onboarding | Beacon.li,https://www.beacon.li/case-study/global-retail-marketplace-seller-onboarding,Reduce implementation effort and timelines by 60%+ with Beacon’s AI orchestration platform. Watch it run on your product in just 7 days.,"Lengthy Handovers: Each registration required sequential handovers between intake, validation, compliance, and activation teams with no automated status tracking."
gap2-beacon-denominators-level2.json,,,5,How to Fix SaaS Implementation Delays (Reduce Go-Live Time by 60% ...,https://www.beacon.li/blog/how-to-fix-enterprise-saas-implementation-delays,"Learn how to fix SaaS implementation delays caused by manual workflows, poor requirements, and data migration issues. Discover how AI orchestration reduces go-live time by 60%+.","With Beacon's orchestration layer, that entire sequence became a self-validating flow. The result was 85% faster implementations on the leave module, with the same approach extending to Attendance and Payroll."
gap2-beacon-denominators-level2.json,,,6,Beacon.li: Enterprise AI Implementation Orchestration Platform,https://www.beacon.li/,Reduce implementation effort and timelines by 60%+ with Beacon’s AI orchestration platform. Watch it run on your product in just 7 days.,"Answers setup questions, delivers contextual training, routes complex issues to your team. Turn your 90 days of hand-holding into 30 days of guided self-service."
gap2-beacon-denominators-level2.json,,,7,"About Beacon.li | Founders, Vision, Mission & Investors",https://www.beacon.li/about-us,"Meet the team behind Beacon.li — an AI orchestration platform on a mission to make enterprise SaaS implementation effortless, consistent, and faster for every company.","Beacon is an AI-powered implementation orchestration platform that automates enterprise SaaS deployments end-to-end: from initial configuration through post-launch hypercare. By eliminating manual processes and fragmented workflows, Beacon enables SaaS vendors to deliver implementations over 60% faster while ensuring consistent, audit‑ready outcomes across complex, multi‑tenant customer environments."
gap2-beacon-denominators-level2.json,,,8,"AI for Enterprise SaaS Implementations, Guide for Delivery & PS ...",https://www.beacon.li/blog/ai-enterprise-saas-implementations-guide,"Discover how AI for enterprise SaaS implementations transforms onboarding, delivery, and workflows with real data, use cases, and best practices.","Over the past decade, organizations have attempted to address these challenges using various forms of automation, including robotic process automation, integration platforms, and digital adoption tools. Around 85 percent of organizations automate some SaaS management processes, while each of these approaches has provided some value, none has fully solved the problem of enterprise SaaS implementation."
gap2-beacon-denominators-level2.json,,,9,Insurtech | Beacon.li,https://www.beacon.li/industry/insurtech,Reduce implementation effort and timelines by 60%+ with Beacon’s AI orchestration platform. Watch it run on your product in just 7 days.,"Beacon validates product definitions, coverage structures, rating tables, data models, and integration prerequisites before changes are promoted, reducing downstream defects and rework."
gap2-beacon-denominators-level2.json,,,10,How Darwinbox Achieved 85% Faster Onboarding with Beacon.li,https://www.beacon.li/darwinbox-onboarding,"Darwinbox, a global HR platform, partners with Beacon.li to simplify client onboarding for its hyper-dependent Leave Module, where every setup ties deeply into Core HR logic.",
gap2-distribution-partners-level2.json,,,1,9 WalkMe Alternatives for Digital Adoption in 2026,https://www.fullstory.com/blog/walkme-alternatives/,"WalkMe alternatives compared across guide builders, product analytics, and behavior-backed adoption platforms. Nine options were evaluated for use-case fit, behavioral data depth, and deployment complexity, so you can find the right platform before you build a single walkthrough.","Smaller market presence than WalkMe, Whatfix, or Pendo. Fewer community resources, third-party integrations, and implementation partners."
gap2-distribution-partners-level2.json,,,2,Top 6 WalkMe Competitors & Alternatives: Features and Prices,https://userpilot.com/blog/walkme-competitors/,We'll compare six WalkMe competitors. Let's review their core features and find out which ones are the best fit for your product team.,"You don’t need advanced employee enablement features: WalkMe places greater emphasis on internal workflow optimization through tools such as employee hubs and license management. If your focus is primarily on contextual in-app guidance and software adoption, Whatfix may be the simpler option."
gap2-distribution-partners-level2.json,,,3,6 WalkMe Alternatives for Enterprise Adoption Programs (2026),https://whatfix.com/walkme-alternatives-competitors/,We explore the best WalkMe alternatives and competitors to see what digital adoption platform is the best for your enterprise use case.,"Main differences between Pendo and WalkMe: Pendo typically wins in organizations where product analytics ownership and product-led onboarding drive decisions, while WalkMe fits enterprise enablement programs that prioritize controlled change operations."
gap2-distribution-partners-level2.json,,,4,13 Best WalkMe Alternatives & Competitors in 2026 (Post-SAP ...,https://www.chameleon.io/alternative/walkme-alternatives,"WalkMe alternatives range from $174/month to $60,000+ annually. Compare top 13 platforms including Whatfix, Pendo, and Chameleon post-SAP acquisition.","Userlane, Apty, and Whatfix serve internal training needs. They support multi-application deployments, provide SCORM compliance, and emphasize process enforcement over user delight. ... Stonly and Spekit help support teams access information quickly. They combine knowledge management with contextual guidance, focusing on just-in-time learning rather than structured training. ... Chameleon, Pendo, and Amplitude help users discover and adopt features. They integrate deeply with product analytics, support experimentation, and focus on driving engagement metrics."
gap2-distribution-partners-level2.json,,,5,12 best product adoption software tools compared (2026) - Guideflow ...,https://www.guideflow.com/blog/product-adoption-software-tools,"Compare the 12 best product adoption software tools in 2026. In-depth reviews of Pendo, WalkMe, Whatfix, Userpilot, Appcues & more - with pricing, features, and use-case fit.","Best analytics + adoption combo: Pendo - retroactive analytics and in-app guides in one platform · Best for enterprise digital transformation: WalkMe - deep integrations with SAP, Workday, and Salesforce · Best for SaaS onboarding on a mid-market budget: Userpilot - strong flow builder, A/B testing, and surveys from ~$249/mo · Best budget pick: UserGuiding - solid feature set starting at ~$69/mo · Best for employee training: Whatfix - auto-generates training content in multiple formats"
gap2-distribution-partners-level2.json,,,6,What is a Partner Ecosystem? Importance + Examples | Salesforce,https://www.salesforce.com/sales/partner-ecosystem-management/guide/,Partner ecosystems allow a network of businesses to collaborate across marketing and sales to scale and grow.,"While SIs often focus on regional or industry-specific deployments, GSIs operate at a global scale, bringing deep technical expertise, broad customer reach, and the ability to drive large-scale digital transformation initiatives. These partners are critical in co-selling and co-delivering integrated solutions, especially in enterprise environments."
gap2-distribution-partners-level2.json,,,7,12 Best Partner Ecosystem Software in 2026 | Introw,https://www.introw.io/blog/best-partner-ecosystem-software,"Compare the 12 best partner ecosystem software platforms for 2026. From PRM to account mapping to ecosystem orchestration, find the right tool to manage and scale your partner network.","Partner ecosystem software is a broad term for the tools companies use to build, manage, scale, and measure a partner network. That can include resellers, referral partners, technology partners, consultants, distributors, system integrators, and alliances."
gap2-distribution-partners-level2.json,,,8,Comparing 7 top product adoption software solutions [Vendor Review] ...,https://productled.com/blog/best-product-adoption-software-vendor-review,"Discover top product adoption software solutions to boost SaaS user engagement, feedback, and onboarding. Compare Appcues, Gainsight, etc.","Pendo differentiates with web + native mobile onboarding and a broad integration ecosystem (50+ integrations). Userlane is positioned for security-sensitive environments and employee onboarding, including options like on-site installation. WalkMe Growth emphasizes advanced capabilities like AI-driven retention/churn insights and user session recordings, but is among the pricier options. Whatfix is geared toward just-in-time enablement and reducing support load with contextual help and rollout templates for common enterprise apps."
gap2-distribution-partners-level2.json,,,9,Best Digital Adoption Platforms Reviews 2026 | Gartner Peer Insights,https://www.gartner.com/reviews/market/digital-adoption-platforms,Find the top Digital Adoption Platforms with Gartner. Compare and filter by verified product reviews and choose the software that’s right for your organization.,WalkMe Digital Adoption Platform assists businesses in increasing operational productivity and minimizing user errors by ensuring software features are utilized effectively and employees adapt to new technologies with greater ease. ... Whatfix is the AI-native Digital Adoption Platform built for the modern enterprise.
gap2-distribution-partners-level2.json,,,10,Find Partner Solutions | SAP Store,https://www.sap.com/partners/find-partner-solutions.html,"Discover, try, and buy solutions from SAP partners. Browse a wide variety of partner applications, services, and more to find the right solution for your business.","SAP partner offerings allow customers to extend their existing SAP technology and solutions with a mix of free trials and paid apps and services. Partners can grow their businesses using SAP Store to market and deliver their apps, add-ins, and integration kits to SAP customers globally."
gap2-pricing-tco-level2.json,,,1,Beacon Pricing 2026: The True TCO & Hidden Costs | PricingNow,https://pricingnow.com/question/beacon-pricing/,"Stop guessing your budget. Get the full Beacon Pricing 2026 breakdown, including implementation fees, seat costs, and hidden TCO factors. Calculate your total investment before you sign.",
gap2-pricing-tco-level2.json,,,2,"WalkMe Pricing 2026: Plans, Costs & What You'll Pay - WalkMe",https://checkthat.ai/brands/walkme/pricing,"WalkMe pricing ranges $50K–$150K annually for most organizations. See pricing tiers, cost drivers, add-ons, and ROI benchmarks to calculate your actual costs.","WalkMe sits in the mid-to-premium tier of the digital adoption platform market. Whatfix commands comparable pricing; Pendo, Userlane, and mid-market alternatives like Userpilot and UserGuiding undercut WalkMe significantly."
gap2-pricing-tco-level2.json,,,3,8 Best WalkMe Competitors for Customer-Facing Teams (2026),https://www.appcues.com/blog/best-walkme-alternatives-2026,"Since SAP's acquisition, WalkMe is focused on employee adoption. Compare 8 customer-facing digital adoption platforms by pricing, setup speed, and cross-channel reach for 2026.",Pendo is the pick if product analytics is your primary need. Whatfix makes sense for large enterprises that genuinely need both employee and customer adoption.
gap2-pricing-tco-level2.json,,,4,GUIDEcx Competitors: 10 Best Alternatives in 2026,https://www.rocketlane.com/blogs/guidecx-competitors,"Compare top GUIDEcx competitors like Rocketlane, Asana, ClickUp, and monday.com. See how GUIDEcx alternatives stack up on AI, integrations, and onboarding.","The limitations begin to surface as implementation complexity increases. GUIDEcx is structured around discrete project workflows, which can make it difficult to manage parallel workstreams within a single customer engagement."
gap2-pricing-tco-level2.json,,,5,"Honest Rocketlane Review 2026: Pros, Cons, Features & Pricing",https://getcor.ai/blog/reviews/rocketlane,"Rocketlane review 2026. Covers PSA features, seat-based pricing, resource management, reporting limitations, pros and cons, FAQ, and a comparison with Obi.","It is not a digital adoption platform and does not provide in-app tooltips, product tours, or user onboarding flows. Customers include Retool, Coursera, Postman, Intercom, Glean, Vercel, and Grafana. Rocketlane competes with GuideCX, TaskRay, and Arrows in the client onboarding and professional services management space."
gap2-pricing-tco-level2.json,,,6,13 Best WalkMe Alternatives & Competitors in 2026 (Post-SAP ...,https://www.chameleon.io/alternative/walkme-alternatives,"WalkMe alternatives range from $174/month to $60,000+ annually. Compare top 13 platforms including Whatfix, Pendo, and Chameleon post-SAP acquisition.","Userlane, Apty, and Whatfix serve internal training needs. They support multi-application deployments, provide SCORM compliance, and emphasize process enforcement over user delight. ... Stonly and Spekit help support teams access information quickly. They combine knowledge management with contextual guidance, focusing on just-in-time learning rather than structured training. ... Chameleon, Pendo, and Amplitude help users discover and adopt features."
gap2-pricing-tco-level2.json,,,7,Rocketlane vs GUIDEcx - Customer Success Platforms,https://userguiding.com/blog/rocketlane-vs-guidecx,"Rocketlane vs GUIDEcx in 2026: which platform is better for customer success teams? Compare features, pricing, and value to make the right choice.",Rocketlane is a customer success platform that helps you create smooth user experiences and decreases the burden on your customer success team's shoulders. But… It doesn’t deliver everything that it promises. That is where GUIDEcx comes in.
gap2-pricing-tco-level2.json,,,8,"Comparing Different Pendo Alternatives by Use Cases, Pricing & ...",https://userpilot.com/blog/pendo-competitors/,We've tried some of the top Pendo competitors. Find out which is the best fit for your company when it comes to user onboarding.,WalkMe: Enterprise digital adoption for large-scale transformation and automation. Whatfix: Structured user and employee training with strong LMS-style capabilities.
gap2-pricing-tco-level2.json,,,9,Top 6 WalkMe Competitors & Alternatives: Features and Prices,https://userpilot.com/blog/walkme-competitors/,We'll compare six WalkMe competitors. Let's review their core features and find out which ones are the best fit for your product team.,"You don’t need advanced employee enablement features: WalkMe places greater emphasis on internal workflow optimization through tools such as employee hubs and license management. If your focus is primarily on contextual in-app guidance and software adoption, Whatfix may be the simpler option."
gap2-pricing-tco-level2.json,,,10,10 Best Customer Onboarding Software for 2026 – GUIDEcx,https://www.guidecx.com/blog/10-best-customer-onboarding-platforms-for-2026/,"After hundreds of conversations with implementation teams, we've evaluated the best customer onboarding platforms for 2026. Check out the rankings.","Where Pendo stands out is in helping teams operationalize product-led onboarding at scale, making it possible to reduce manual training, personalize experiences by segment, and improve adoption without adding more customer-facing headcount. If you operate with a PLG model, Pendo is a great option. If you need to engage customers more personally, check out GUIDEcx, Rocketlane, OnRamp, or Dock."
gap2-security-trust-level2.json,,,1,"Support Tool Security Checklist (SOC2, SSO)",https://www.supportbench.com/support-tool-security-checklist-soc2-sso-logs-rbac/,"Checklist for SOC 2 Type II, enterprise SSO (SAML/OIDC), SCIM provisioning, immutable audit logs, and RBAC controls buyers require.",
gap2-security-trust-level2.json,,,2,SOC 2 Controls List (2026): Full CC Guide + What Auditors Expect,https://getsecureslate.com/blog/soc-2-controls-full-list-use-cases-and-what-auditors-expect,"Complete SOC 2 controls list for 2026 with CC criteria, auditor expectations, and evidence examples. Map controls faster—automate monitoring with SecureSlate.",IAM & RBAC: Restricting access based on job roles (Principle of Least Privilege).
gap2-security-trust-level2.json,,,3,Beacon Security,https://beacon.security/,"Manage security telemetry at scale with Beacon. Real-time data pipeline, AI-driven optimization, and smart routing. Reduce costs while improving coverage.",
gap2-security-trust-level2.json,,,4,SOC 2 Controls List (2026): All 5 TSCs Mapped to Evidence,https://soc2auditors.org/insights/soc-2-controls-list/,"Every SOC 2 control across the 5 Trust Services Criteria, mapped to the exact evidence auditors request. 33 Common Criteria (CC1–CC9) plus A1, PI1, C1, P1–P8.",Role-Based Access Control (RBAC): roles with preset permissions so employees see only the data their job needs.
gap2-security-trust-level2.json,,,5,WalkMe vs. Pendo vs. Whatfix | The #1 Enterprise Digital Adoption ...,https://www.walkme.com/walkme-vs-pendo-vs-whatfix/,"Compare WalkMe vs. Pendo vs. Whatfix and see why WalkMe is the only AI-powered DAP built for enterprise security, automation, and scalability.","Compare WalkMe vs. Pendo vs. Whatfix and see why WalkMe is the only AI-powered DAP built for enterprise security, automation, and scalability. Discover how WalkMe eliminates manual updates, reduces IT workload by 50%, and delivers 85% ROI."
gap2-security-trust-level2.json,,,6,SOC 2 Compliance Checklist: How to Pass the Audit (Checklist Inside) ...,https://www.splunk.com/en_us/blog/learn/soc-2-compliance-checklist.html,"Discover how to prepare for a SOC 2 audit with this comprehensive compliance checklist, key requirements, and tips for choosing the right tools and partners.","Access management: Role-based access control (RBAC), principle of least privilege, MFA."
gap2-security-trust-level2.json,,,7,Security and privacy in Pendo – Pendo Help Center,https://support.pendo.io/hc/en-us/articles/360031862372-Security-and-privacy-in-Pendo,"Privacy and security are fundamental components of Pendo’s software and services. This article covers what we do to ensure that our solutions don’t negatively impact the confidentiality, integrity,...",
gap2-security-trust-level2.json,,,8,"SaaS Security in the Age of AI: Governance, Privacy & Compliance ...",https://www.pendo.io/glossary/saas-ai-security-trust/,"Explore how Pendo secures SaaS environments with AI-ready controls—covering data isolation, human-in-the-loop oversight, compliance frameworks, and opt-in AI governance. Learn why AI transparency and risk management are essential to modern SaaS security.","Access management: Multi-factor authentication (MFA), role-based access control (RBAC), and least-privilege principles."
gap2-security-trust-level2.json,,,9,SOC 2 Compliance Checklist & Guide | Bitsight,https://www.bitsight.com/learn/compliance/soc-2-compliance-checklist,"Trying to understand compliance with SOC2? Learn about the essentials, types of reports, and a checklist guide to ensure you meet compliance requirements.",
gap2-security-trust-level2.json,,,10,Best Digital Adoption Platforms Reviews 2026 | Gartner Peer Insights,https://www.gartner.com/reviews/market/digital-adoption-platforms,Find the top Digital Adoption Platforms with Gartner. Compare and filter by verified product reviews and choose the software that’s right for your organization.,WalkMe Digital Adoption Platform assists businesses in increasing operational productivity and minimizing user errors by ensuring software features are utilized effectively and employees adapt to new technologies with greater ease. ... Whatfix is the AI-native Digital Adoption Platform built for the modern enterprise.
gap3-beacon-case-detail-level2.json,,,1,Darwinbox Implementation Case Study: 85% Faster Onboarding | Beacon.li,https://www.beacon.li/case-study/darwinbox-implementation-85-percent-faster-onboarding,Reduce implementation effort and timelines by 60%+ with Beacon’s AI orchestration platform. Watch it run on your product in just 7 days.,"The orchestrator performed the same steps a consultant would do inside Darwinbox. It read the documents, set up leave types, applied the right rules, and validated everything instantly. ... With Leave Management streamlined, the focus now shifts to create better alignment across modules and scale onboarding globally."
gap3-beacon-case-detail-level2.json,,,2,How Workline Built an Intelligent Conversational HR Ecosystem | ...,https://www.beacon.li/case-study/workline-hr-intelligent-conversational-implementation,Reduce implementation effort and timelines by 60%+ with Beacon’s AI orchestration platform. Watch it run on your product in just 7 days.,How Darwinbox Achieved 85% Faster Onboarding with Beacon.li · Workline is a modern HRMS platform built to deliver personalized employee experiences at scale.
gap3-beacon-case-detail-level2.json,,,3,Keka Achieves 62% Faster Response with AI Orchestration | Beacon.li,https://www.beacon.li/case-study/keka-support-ticket-deflection-ai-orchestration,Reduce implementation effort and timelines by 60%+ with Beacon’s AI orchestration platform. Watch it run on your product in just 7 days.,How Darwinbox Achieved 85% Faster Onboarding with Beacon.li
gap3-beacon-case-detail-level2.json,,,4,Zluri SaaS Intelligence Implementation Case Study | Beacon.li,https://www.beacon.li/case-study/zluri-saas-intelligence-conversational-implementation,Reduce implementation effort and timelines by 60%+ with Beacon’s AI orchestration platform. Watch it run on your product in just 7 days.,How Darwinbox Achieved 85% Faster Onboarding with Beacon.li · Zluri is a SaaS management platform designed to simplify how organizations gain visibility and control over their software ecosystem.
gap3-beacon-case-detail-level2.json,,,5,Global Marketplace Achieves 80% Faster Seller Onboarding | Beacon.li,https://www.beacon.li/case-study/global-retail-marketplace-seller-onboarding,Reduce implementation effort and timelines by 60%+ with Beacon’s AI orchestration platform. Watch it run on your product in just 7 days.,How Darwinbox Achieved 85% Faster Onboarding with Beacon.li
gap3-dap-security-trust-level2.json,,,1,WalkMe Security Compliance - WalkMe Help Center,https://support.walkme.com/knowledge-base/security-compliance/,"You can find more about WalkMe’s privacy policies, compliance standards, and certifications below.","WalkMe completed a Service Organization Control (SOC) 2 Type II audit, which is one of the most stringent international standards for security, availability, processing integrity, confidentiality, and privacy. Our commitment to the SOC 2 Type II report is ongoing and periodic audits are performed on a regular basis."
gap3-dap-security-trust-level2.json,,,2,Trust Center - Pendo,https://trust.pendo.io/faq,"At Pendo, security and data privacy are first-order considerations, the north star for how we design our products and policies as an organization. Language: English 日本語","Pendo is hosted in Google Cloud Platform (GCP) and Amazon Web Services (AWS). GCP and AWS employ industry-leading security controls and are extensively audited. Both hold multiple certifications, including SOC2 Type II, ISO 27001, PCI, and FedRAMP."
gap3-dap-security-trust-level2.json,,,3,Security and privacy in Pendo – Pendo Help Center,https://support.pendo.io/hc/en-us/articles/360031862372-Security-and-privacy-in-Pendo,"Privacy and security are fundamental components of Pendo’s software and services. This article covers what we do to ensure that our solutions don’t negatively impact the confidentiality, integrity,...","To learn more about security and privacy audits and certifications received by GCP, see Google Cloud's Compliance resource center. For information about Pendo's implementation in GCP, see Global data hosting. Additionally, Pendo takes advantage of Google’s highly available services to distribute running processes and data storage across multiple recovery zones and geographic regions. Pendo completes an SOC2 Type II audit every year, covering all five Trust Service Principles: Security, Availability, Processing Integrity, Confidentiality, and Privacy."
gap3-dap-security-trust-level2.json,,,4,WalkMe Security,https://www.walkme.com/walkme-security/,"Rest assured that user and customer data is safe with WalkMe. The WalkMe platform is in compliance with the most extensive security standards, undergoes pen-tests routinely, and is monitored by dedicated teams. Learn more about WalkMe Security.","WalkMe achieved FedRAMP- Ready approval from the US federal government after passing standardized security assessments, authorization, and monitoring procedures."
gap3-dap-security-trust-level2.json,,,5,WalkMe's Security Controls Availability and Privacy - WalkMe Blog,https://www.walkme.com/blog/security-controls-availability-privacy/,"WalkMe has successfully completed a Service Organization Control (SOC) 2 Type II audit, one of the most stringent international standards for security.","We are pleased to update that WalkMe has successfully completed a Service Organization Control (SOC) 2 Type II audit, which is one of the most stringent international standards for security, availability, processing integrity, confidentiality and privacy."
gap3-dap-security-trust-level2.json,,,6,Data Privacy & Security | Pendo - Understand and Guide Your Users,https://preview-www.pendo-dev.com/support/trust/,"Pendo extends your product to capture user behavior, gather feedback, and guide users. By partnering with Pendo you can uncover what truly drives product success and elevate your customer experience. Pendo is enterprise-grade, yet easy to use for people of all skill levels.","Pendo continues to expand investment in areas of data privacy and compliance. In addition to the practices noted above, we have plans to pursue HIPAA and FedRAMP certifications in 2018."
gap3-dap-security-trust-level2.json,,,7,Data Privacy and Security | Pendo.io,https://www.pendo.io/data-privacy-security/,"At Pendo, performance, security, and data privacy are first-order considerations. Learn how we are investing in the security of your and your users' data.","Pendo observes key industry best practices and regulatory schemes to protect the security and privacy of our customers’ data: SOC2, GDPR, TX-RAMP, and HIPAA."
gap3-dap-security-trust-level2.json,,,8,"Support Tool Security Checklist (SOC2, SSO)",https://www.supportbench.com/support-tool-security-checklist-soc2-sso-logs-rbac/,"Checklist for SOC 2 Type II, enterprise SSO (SAML/OIDC), SCIM provisioning, immutable audit logs, and RBAC controls buyers require.","This layer of security is a critical focus for SOC 2 audits, as access control issues are among the most common findings [10]. Poorly designed RBAC doesn’t just lead to compliance headaches – it opens the door to data breaches, which cost businesses an average of $4.4 million [12]."
gap3-dap-security-trust-level2.json,,,9,SOC 2 Compliance Checklist: Your Complete Guide to Audit Success,https://drata.com/learn/soc-2/checklist,Get audit-ready with our comprehensive SOC 2 compliance checklist.,"Implement user provisioning, deprovisioning, role-based access controls (RBAC), multi-factor authentication (MFA), and periodic access reviews."
gap3-dap-security-trust-level2.json,,,10,FedRAMP and SOC 2: An in-depth comparison | Vanta,https://www.vanta.com/collection/fedramp/fedramp-and-soc-2,Find out how FedRAMP and SOC 2 differ as well as what similarities they share. Explore control overlaps and decide what your organization should pursue.,
gap3-onboarding-security-trust-level2.json,,,1,Rocketlane is SOC 2 Type 2 Certified | Rocketlane,https://www.rocketlane.com/blogs/rocketlane-advances-to-soc-2-type-2-compliance-and-certification,"What an SOC 2 Type 2 certification is, how it is different from SOC 2 Type 1, and what it means for Rocketlane and its customers. Click to read more.","A Forward Deployed Engineer (FDE) embeds in the customer environment to implement, customize, and operationalize complex products. They unblock integrations, fix data issues, adapt workflows, and bridge engineering gaps — accelerating onboarding, adoption, and customer value far beyond traditional post-sales roles."
gap3-onboarding-security-trust-level2.json,,,2,Best customer onboarding tools for 2026 | Rocketlane,https://www.rocketlane.com/blogs/customer-onboarding-tools,"Top customer onboarding tools for 2026, including Rocketlane, Gainsight, GuideCX, Dock, Appcues, Pendo, and Userpilot. Comparison for PS leaders in 2026.","IT services and systems integration firms replacing Smartsheet + Certinia or Kantata combinations · PS teams that need a client portal as a competitive differentiator in enterprise sales · Global implementation teams requiring multi-currency billing, GDPR compliance, and AI-powered delivery governance · Teams under PE pressure to improve billable utilization and margin visibility without adding headcount ... GuideCX is a customer onboarding platform with structured project management, customer-facing task lists, and CRM integration."
gap3-onboarding-security-trust-level2.json,,,3,Security and Compliance : Rocketlane,https://help.rocketlane.com/support/solutions/67000387996,Set up SSO and authenticate your team members to log in and use Rocketlane seamlessly,
gap3-onboarding-security-trust-level2.json,,,4,Best Customer Onboarding Portal Software in 2026,https://www.rocketlane.com/blogs/customer-onboarding-portal,"Compare the 6 best customer onboarding portal tools for 2026 on features, pricing, and strong fit for professional services teams.","This guide compares the seven best customer onboarding portal platforms in 2026, including Rocketlane, GuideCX, Arrows, Dock, Clinked, and Monday.com, and explains which teams each platform is best suited for."
gap3-onboarding-security-trust-level2.json,,,5,"Support Tool Security Checklist (SOC2, SSO)",https://www.supportbench.com/support-tool-security-checklist-soc2-sso-logs-rbac/,"Checklist for SOC 2 Type II, enterprise SSO (SAML/OIDC), SCIM provisioning, immutable audit logs, and RBAC controls buyers require.","This layer of security is a critical focus for SOC 2 audits, as access control issues are among the most common findings [10]. Poorly designed RBAC doesn’t just lead to compliance headaches – it opens the door to data breaches, which cost businesses an average of $4.4 million [12]."
gap3-onboarding-security-trust-level2.json,,,6,SOC 2 Controls List (2026): Full CC Guide + What Auditors Expect,https://getsecureslate.com/blog/soc-2-controls-full-list-use-cases-and-what-auditors-expect,"Complete SOC 2 controls list for 2026 with CC criteria, auditor expectations, and evidence examples. Map controls faster—automate monitoring with SecureSlate.",IAM & RBAC: Restricting access based on job roles (Principle of Least Privilege).
gap3-onboarding-security-trust-level2.json,,,7,"Rocketlane Fortifies Infosec: Gets SOC 1 Type 2 Certified, ...",https://www.rocketlane.com/press/rocketlane-fortifies-infosec-gets-soc-1-type-2-certified-stays-soc-2-type-2-compliant-two-years-in-a-row,Rocketlane gets SOC 1 Type 2 and SOC 2 Type 2 certified to keep your data safe and secure. Try it now.,"SAN JOSE, Calif., Dec 14, 2023 — Rocketlane, the leading customer onboarding and PSA platform that helps businesses accelerate their time-to-value, boost customer satisfaction, and improve operational efficiency, today announced that it has obtained the SOC 1 Type 2 certification and remains SOC 2 Type 2 compliant for its IT security processes and protocols. Sensiba, an independent third-party auditor specializing in integrated compliance solutions, performed the audit, including conducting SOC examinations."
gap3-onboarding-security-trust-level2.json,,,8,"Syncally Goes Enterprise: SSO, Audit Logs, RBAC, and SOC 2 | Syncally ...",https://www.syncally.app/blog/syncally-enterprise-launch-sso-audit-logs-rbac,"We've shipped enterprise-grade security and compliance features. Here's how we built SSO, audit logs, and RBAC in 12 weeks—and why mid-market engineering teams need them.","Why it matters: SSO is the #1 requirement for enterprise security teams. Centralized authentication means better security, easier onboarding, and instant offboarding when team members leave."
gap3-onboarding-security-trust-level2.json,,,9,"Rocketlane Trust Center: Security, Compliance, and Reliability",https://www.rocketlane.com/trust,"Discover how Rocketlane ensures top-notch security, compliance, and transparency. Explore our certifications, data protection measures, and commitment to building trust with our customers.",
gap3-onboarding-security-trust-level2.json,,,10,SOC 2 Controls List: The Complete Founder’s Guide (2026),https://www.complyjet.com/blog/soc-2-controls,"Steal the 2026 SOC 2 Controls List. A no-fluff founder’s guide with 70+ controls, checklists & timelines. Fast-track your audit. [Updated Guide]","Hardware & Software Lifecycle: Control and document procurement, onboarding, and decommissioning. Unique Authentication: All users must have individual IDs. Shared credentials are prohibited. RBAC Enforcement: Tie access to job roles and least privilege principles."
gap3-partner-ecosystem-level2.json,,,1,WalkMe vs. Pendo vs. Whatfix | Why choose the #1 digital adoption ...,https://www.walkme.com/walkme-vs-pendo-vs-whatfix/,"Compare WalkMe vs. Pendo vs. Whatfix and see why WalkMe is the only AI-powered DAP built for enterprise security, automation, and scalability.","Compare WalkMe vs. Pendo vs. Whatfix and see why WalkMe is the only AI-powered DAP built for enterprise security, automation, and scalability. Discover how WalkMe eliminates manual updates, reduces IT workload by 50%, and delivers 85% ROI."
gap3-partner-ecosystem-level2.json,,,2,6 WalkMe Alternatives for Enterprise Adoption Programs (2026),https://whatfix.com/walkme-alternatives-competitors/,We explore the best WalkMe alternatives and competitors to see what digital adoption platform is the best for your enterprise use case.,"Main differences between Pendo and WalkMe: Pendo typically wins in organizations where product analytics ownership and product-led onboarding drive decisions, while WalkMe fits enterprise enablement programs that prioritize controlled change operations."
gap3-partner-ecosystem-level2.json,,,3,WalkMe - Digital Adoption Platform | AI That Delivers Real ROI,https://www.walkme.com/,"WalkMe makes enterprise AI work by overlaying every application with real-time context, cross-app workflows, and automation. See software usage, guide your people, and prove AI ROI.","We’ve assembled the world’s most robust DAP partner ecosystem. Systems integrators, independent software vendors, agencies and more work closely with WalkMe to bring more value to our joint customers."
gap3-partner-ecosystem-level2.json,,,4,9 WalkMe Alternatives for Digital Adoption in 2026,https://www.fullstory.com/blog/walkme-alternatives/,"WalkMe alternatives compared across guide builders, product analytics, and behavior-backed adoption platforms. Nine options were evaluated for use-case fit, behavioral data depth, and deployment complexity, so you can find the right platform before you build a single walkthrough.","Functional, but offers fewer out-of-the-box templates and less conditional branching logic than WalkMe or Whatfix, which have years of iteration behind them. No in-app employee guidance for Fullstory Workforce (yet). Guides and Surveys is on the Fullstory Workforce product roadmap but not yet available to the general public. Pendo combines product analytics with in-app guidance, making it a natural fit for product and customer success teams that want usage data and walkthroughs in one platform."
gap3-partner-ecosystem-level2.json,,,5,"r/SaaS on Reddit: Which is better for digital adoption, WalkMe ...",https://www.reddit.com/r/SaaS/comments/1r4qp0e/which_is_better_for_digital_adoption_walkme_or/,"We're struggling with tool adoption at my company, especially with new hires. So we're starting a process of finding a digital adoption platform. We…",Pendo seems like a good product but I think they're more focused on helping SaaS companies on the publisher side. Lemon Learning was really good for the price and had all the features we needed but goes less deep on analytics. Whatfix seemed solid but looked very complex to use with a lot of customization to set up.
gap3-partner-ecosystem-level2.json,,,6,8 Best WalkMe Competitors for Customer-Facing Teams (2026),https://www.appcues.com/blog/best-walkme-alternatives-2026,"Since SAP's acquisition, WalkMe is focused on employee adoption. Compare 8 customer-facing digital adoption platforms by pricing, setup speed, and cross-channel reach for 2026.",Pendo is the pick if product analytics is your primary need. Whatfix makes sense for large enterprises that genuinely need both employee and customer adoption.
gap3-partner-ecosystem-level2.json,,,7,Digital adoption platform alternatives compared: find the right ...,https://usetandem.ai/blog/compare-digital-adoption-platforms,"Compare 10 digital adoption platforms side by side — Pendo, WalkMe, Appcues, Whatfix, and more. Honest evaluation criteria, pricing context, and a decision framework to find the right fit.","If you're an enterprise deploying internal tools (ERP, CRM, HCM) across thousands of employees with a dedicated IT team and six-figure budget: evaluate WalkMe and Whatfix. They're built for that environment. If you need deep product analytics integrated with in-app guides and you don't already have a dedicated analytics tool: Pendo or Gainsight PX (especially if you're already in the Gainsight ecosystem) are worth evaluating."
gap3-partner-ecosystem-level2.json,,,8,Best Digital Adoption Platforms 2026: Top 10 Compared | Pendo.io,https://www.pendo.io/pendo-blog/top-10-digital-adoption-platforms/,"Compare the top 10 digital adoption platforms of 2026. Expert analysis of Pendo, WalkMe, Whatfix, Appcues & more—including features, pricing, AI capabilities, and G2 ratings. Find the best DAP for your team.","Pendo was designed for product-led companies where user experience drives revenue. While other DAPs such as WalkMe and Whatfix focus primarily on employee training, Pendo supports both internal adoption and customer-facing product experiences—critical for AI and SaaS companies where product is the growth engine."
gap3-partner-ecosystem-level2.json,,,9,12 best product adoption software tools compared (2026) - Guideflow ...,https://www.guideflow.com/blog/product-adoption-software-tools,"Compare the 12 best product adoption software tools in 2026. In-depth reviews of Pendo, WalkMe, Whatfix, Userpilot, Appcues & more - with pricing, features, and use-case fit.","Best analytics + adoption combo: Pendo - retroactive analytics and in-app guides in one platform · Best for enterprise digital transformation: WalkMe - deep integrations with SAP, Workday, and Salesforce · Best for SaaS onboarding on a mid-market budget: Userpilot - strong flow builder, A/B testing, and surveys from ~$249/mo · Best budget pick: UserGuiding - solid feature set starting at ~$69/mo · Best for employee training: Whatfix - auto-generates training content in multiple formats"
gap3-partner-ecosystem-level2.json,,,10,Pendo vs WalkMe: Modern DAP Platform vs Legacy Solution,https://www.pendo.io/pendo-vs-walkme/,"Compare Pendo and WalkMe for digital adoption. Faster deployment, predictive AI, unified analytics—see why teams switch from WalkMe to Pendo.","Pendo leads for organizations needing unified analytics across customer and employee experiences with faster time-to-value. Other alternatives like Userlane, Whatfix, and Fullstory serve specific use cases—but may lack the depth of analytics and breadth of capabilities offered in a comprehensive platform."
integration-workflow-competitors-level2.json,,,1,8 Workato alternatives to consider for 2026,https://www.celigo.com/blog/workato-alternative/,"Looking for Workato alternatives? Compare top Workato competitors, iPaaS platforms, and automation tools to find the best fit for your integration needs.","Workato offers a more modern low-code user experience, whereas Boomi is typically stronger for developer use. Like Boomi, MuleSoft is also one of the earlier iPaaS platforms that evolved into an API-led integration solution for complex enterprise architectures."
integration-workflow-competitors-level2.json,,,2,The Best Workato Alternatives in 2026 for Business Integrations,https://exalate.com/blog/workato-alternatives/,"When looking for Workato alternatives, consider solutions that can deliver the same level of flexibility, customizability, stability, and scalability.","Pre-built connectors for 1,000+ applications, a low-code recipe builder, event triggers and automation logic, Workbot for Slack and Teams, B2B/EDI capabilities, enterprise iPaaS functionality, data orchestration and Data Hub/MDM, Workato Genies and Agent Studio for AI agents, Intelligent Document Processing (IDP), and Decision Models for workflow decisioning. Workato serves organizations like Cisco, Nokia, and Monday.com, positioning itself as an enterprise-grade automation platform."
integration-workflow-competitors-level2.json,,,3,7 Workato alternatives worth evaluating in 2026,https://www.merge.dev/blog/workato-alternatives,Learn about several competitors to Workato and how they differ from and overlap with the integration platform.,"You’d like to invest in a platform that’s been around for longer and has a richer set of relevant case studies. Automation Anywhere has been around about 10 years longer than Workato and has a larger set of public case studies available across industries and use cases, which can make it easier to trust the tool and get internal buy-in for adopting it ... Mulesoft by Salesforce is an enterprise-grade integration, automation, and API management solution."
integration-workflow-competitors-level2.json,,,4,Best Mulesoft alternatives for 2026 – Celigo,https://www.celigo.com/blog/mulesoft-alternatives/,"Compare 10 MuleSoft alternatives. Find faster time-to-value, lower TCO, and easier scalability. Expert reviews updated November 2025.","As an alternative to MuleSoft, Workato offers a unified low-code platform for integration, API, process, and AI orchestration."
integration-workflow-competitors-level2.json,,,5,9 Workato Alternatives for Enterprise Automation in 2026,https://www.adopt.ai/blog/workato-alternatives,"We reviewed 10 workflow automation tools to find the best Workato alternatives. Pricing, strengths, and trade-offs for every team type in 2026.","They break down when workflows orchestrate multiple systems with branching logic, bulk operations, or enterprise connectors. Use them if you're replacing simple Workato recipes that are overkill for the job. Don't use them for complex cross-department workflows. Not necessarily better, primarily more complex and more expensive. MuleSoft excels at API lifecycle management and hybrid/multi-cloud integration at massive scale."
integration-workflow-competitors-level2.json,,,6,"Best Integration Software in 2026: Tools, Platforms, and How to ...",https://uibakery.io/blog/best-integration-software,"Compare the best integration software in 2026, from lightweight workflow tools to enterprise iPaaS platforms. Learn which tool fits your team and how UI Bakery helps turn integrated data into dashboards, approvals, and internal workflows.","Jitterbit is an AI-powered enterprise automation and integration platform covering iPaaS, workflow automation, data orchestration, API management, EDI, and app building. ... Companies that want broader platform coverage without immediately defaulting to the largest enterprise vendors ... Jitterbit is less visible in some editorial shortlists than Zapier, Workato, Boomi, or MuleSoft. Buyers should evaluate it based on their exact connector, EDI, API, and workflow needs. Tray.ai is a strong fit for teams evaluating integration software through an AI orchestration lens."
integration-workflow-competitors-level2.json,,,7,9 Best Workato Alternatives for Workflow Automation (2026) | Elementum,https://www.elementum.ai/blog/workato-alternatives,"Workato's task billing and maturing AI are pushing buyers to look elsewhere. Compare 9 alternatives on governance, model choice, and cost.","Product teams embedding integrations into SaaS products, and enterprise teams needing API-first orchestration with AI agent governance. Choosing a Workato alternative starts with architecture. iPaaS platforms (MuleSoft, Boomi, Celigo, SnapLogic, Tray.ai) connect systems."
integration-workflow-competitors-level2.json,,,8,10 Mulesoft Alternatives and Competitors in 2026 · Activepieces,https://www.activepieces.com/blog/10-mulesoft-alternatives-and-competitors-in-2025,"MuleSoft is one of the most recognized API integration platforms in the world, known for its ability to connect applications, data, and devices across…","It combines integrations with workflow automation and supports both pre-built workflows and custom development. Workato offers enterprise security and scalability, but with a more collaborative interface than MuleSoft. Tray.ai is a flexible automation platform with a powerful visual builder for integrations."
integration-workflow-competitors-level2.json,,,9,MuleSoft vs. Workato: Which iPaaS solution should you use?,https://www.oneio.cloud/blog/mulesoft-vs-workato,"MuleSoft vs. Workato: MuleSoft ($2.5K+/month, developer-heavy) for enterprise APIs; Workato ($500–$2K/month, low-code) for business automation. Plus: ONEiO when you want zero platform overhead.","These areas bring MuleSoft's service offering closer to broad, intelligent automation platforms like Workato and UiPath. Workato is a cloud-based integration and automation platform that provides a low-code environment for integrating diverse applications, managing APIs, automating workflows, and synchronizing data across on-premises and cloud systems."
integration-workflow-competitors-level2.json,,,10,The 6 best Workato alternatives in 2026 | Zapier,https://zapier.com/blog/workato-alternatives/,"Here are the top Workato alternatives—each with its own strengths, tradeoffs, and ideal use cases.","So instead of giving you a one-size-fits-all answer, I've pulled together a list of top Workato alternatives—each with its own strengths, tradeoffs, and ideal use cases. Here are the platforms that are worth considering as you map out your next phase of automation. ... Workato is an enterprise automation and integration platform designed to connect apps and orchestrate complex workflows."
kpi-ai-agent-productivity-level2.json,,,1,AI Agent Productivity Statistics 2026: 100+ ROI Data,https://www.digitalapplied.com/blog/ai-agent-productivity-statistics-2026-roi-data-points,"AI agent productivity statistics for 2026: 100+ data points on hours saved, cost-per-task, time-to-value, and payback period by department and use case.","For a hands-on calculator using these inputs, see the AI Agent ROI Calculator for Marketing Operations. Across the major Q1 2026 datasets the headline metric — median hours saved per knowledge worker per week — has converged within a tight range. The McKinsey Global AI Survey 2026 reports 6.4 hours. Salesforce State of Service 2026 reports 6.7. The Slack Workforce Index Q1 2026 reports 6.1. Anthropic's enterprise telemetry release (sampling Claude Opus 4.7 and Sonnet 4.6 customers) reports 7.2."
kpi-ai-agent-productivity-level2.json,,,2,Productivity Gains from AI Agents in Enterprises: What the Data ...,https://www.michaelrcronin.com/post/productivity-gains-from-ai-agents-in-enterprises-what-the-data-shows-in-2026,"Explore the measurable productivity gains from AI agents in enterprises, including time savings, faster workflows, reduced errors, and scalable performance improvements across large organizations.","Explore the measurable productivity gains from AI agents in enterprises, including time savings, faster workflows, reduced errors, and scalable performance improvements across large organizations. Enterprises are under constant pressure to do more with existing resources while maintaining quality and employee well-being. In 2026, AI agents are emerging as one of the most powerful levers for delivering measurable productivity gains at scale. Unlike basic automation tools, agentic AI systems can autonomously handle complex, multi-step processes across departments."
kpi-ai-agent-productivity-level2.json,,,3,50+ Enterprise AI Agent Statistics (2026) | Paul Okhrem,https://paul-okhrem.com/enterprise-ai-agents-statistics-2026/,"50+ statistics on AI agent adoption across Fortune 500 enterprises in 2026: deployment, ROI, governance maturity, vendor concentration. Free to cite, CC BY 4.0.","50+ statistics on AI agent adoption across Fortune 500 enterprises in 2026: deployment, ROI, governance, vendor concentration. Free to cite, CC BY 4.0."
kpi-ai-agent-productivity-level2.json,,,4,AI Agents for Automating Work in 2026: Enterprise Guide to Workflow ...,https://sanalabs.com/agents-blog/ai-agents-for-automating-work-enterprise-guide-2026,"Explore how AI agents automate multi‑step workflows across HR, finance, IT, and operations in 2026. Compare OS‑level platforms like Sana with no‑code builders, iPaaS tools, and model platforms, and learn how to choose, pilot, and scale the top‑rated AI agents for automating business ...","Explore how AI agents automate multi‑step workflows across HR, finance, IT, and operations in 2026. Compare OS‑level platforms like Sana with no‑code builders, iPaaS tools, and model platforms, and learn how to choose, pilot, and scale the top‑rated AI agents for automating business processes."
kpi-ai-agent-productivity-level2.json,,,5,"2026 Work Trend Index report: Agents, human agency, and opportunity",https://www.microsoft.com/en-us/worklab/work-trend-index/agents-human-agency-and-the-opportunity-for-every-organization,"As AI and agents take on execution, our own agency expands. The question is whether organizations are built to capture it.",All data is based on aggregated and anonymized Microsoft 365 productivity signals. Prompts per User: Number of prompts per user in a rolling 28-day period. Includes all countries and customer segments (including EU). Excludes government industry. Data spans March 2025 through March 2026.
kpi-ai-agent-productivity-level2.json,,,6,AI Productivity Use Cases in 2026: Workflow Automation That Cuts ...,https://windowsforum.com/threads/ai-productivity-use-cases-in-2026-workflow-automation-that-cuts-friction.408509/,"AI productivity use cases in 2026 are no longer judged by how impressive they look in a demo. They are judged by whether they remove friction from real work, shorten cycle times, and help teams move from conversation to execution faster. That is why the strongest opportunities now sit inside IT...","AI productivity use cases in 2026 are no longer judged by how impressive they look in a demo. They are judged by whether they remove friction from real work, shorten cycle times, and help teams move from conversation to execution faster. That is why the strongest opportunities now sit inside IT service, customer support, HR, sales, and operations workflows where repetitive admin still slows everything down."
kpi-ai-agent-productivity-level2.json,,,7,The Agent-Centric Enterprise: Why 2–10x Productivity Gains Demand ...,https://hdsr.mitpress.mit.edu/pub/0mrfxamu,"Build and deploy your first agent workflows. Start simple and stepwise—basic agent systems that automate routine tasks, such as responding to incoming email inquiries about product prices and availability by retrieving data from the Enterprise Resource Planning (ERP) system and sending a reply, can deliver significant operational value. Focus on making data machine readable and accurate and decisions explicit. Measure everything: time saved...","Build and deploy your first agent workflows. Start simple and stepwise—basic agent systems that automate routine tasks, such as responding to incoming email inquiries about product prices and availability by retrieving data from the Enterprise Resource Planning (ERP) system and sending a reply, can deliver significant operational value. Focus on making data machine readable and accurate and decisions explicit. Measure everything: time saved, errors eliminated, options explored, and employee satisfaction."
kpi-ai-agent-productivity-level2.json,,,8,AI Agent Productivity Statistics 2026: Must‑Know Metrics for ...,https://techrt.com/ai-agent-productivity-statistics/,"Discover how AI Agent Productivity Statistics reveal time savings, efficiency boosts, and smarter workflows you can use today.","From customer support and sales growth to software development and operations, measurable gains highlight AI’s ability to save time, cut costs, and scale workflows. While forecasts show both exciting expansions in market reach and growing pains in implementation, enterprises that invest in governance, orchestration, and outcome‑focused integrations are positioned to lead."
kpi-ai-agent-productivity-level2.json,,,9,AI Workflow Automation Trends in 2026: 10 Trends Shaping the Future ...,https://www.cflowapps.com/ai-workflow-automation-trends/,"xplore the top AI workflow automation trends for 2026, including agentic AI, hyperautomation, no-code platforms, governance, and real-world use cases.","More companies are now embedding AI into real workflows instead of using it only for content creation or isolated productivity tasks. McKinsey’s 2025 State of AI survey found that 88% of organizations regularly use AI in at least one business function, up from 78% the previous year. However, only about one-third have started scaling AI across the enterprise, which shows that 2026 will be the year many businesses move from pilot projects to operational AI deployment."
kpi-ai-agent-productivity-level2.json,,,10,Developer Productivity Benchmarks 2026 | AI-Native Engineering Data,https://larridin.com/developer-productivity-hub/developer-productivity-benchmarks-2026,"2026 benchmarks for AI-native developer productivity: adoption rates, AI code share, complexity-adjusted throughput, code turnover, and ROI by quartile.","Traditional metrics (PRs/week, LOC, commits) are unreliable in 2026 because AI-assisted workflows inflate volume without necessarily increasing value delivered."
kpi-implementation-metrics-level2.json,,,1,SaaS Implementation Cost Model | CFO Pro Analytics,https://cfoproanalytics.com/cfo-wiki/saas/designing-a-saas-implementation-cost-model/,"TL;DR: Implementation costs are the services required to get customers live on your product. Key factors influencing SaaS implementation costs include team composition, project scope, and feature complexity, all of which can significantly affect the overall budget and timeline.","Don’t rely on estimates—track actual hours. We consistently see that estimated implementation time is 40-50% lower than actual time once you account for scope creep, customer delays, and rework."
kpi-implementation-metrics-level2.json,,,2,Software implementation: A complete guide for PS leaders,https://www.rocketlane.com/blogs/software-implementation,"Learn the complete software implementation process, phases, checklist, risks, KPIs, and plan template to reduce time-to-value and improve delivery outcomes.","A clear understanding of implementation improves planning accuracy, reduces rework, and accelerates time to value across projects. Once the role of software implementation is clearly defined, its impact on revenue, customer experience, and scalability becomes impossible to ignore. ... Implementation is no longer a post-sale handoff. It's a revenue function. A slow implementation delays revenue recognition. A broken one kills retention before the first renewal conversation. In most SaaS and technology businesses, revenue does not truly begin at contract signing."
kpi-implementation-metrics-level2.json,,,3,The Complete SaaS Implementation Guide 2026 for Smooth Adoption,https://www.spendflo.com/blog/saas-implementation,"Check out the 9 essential SaaS implementation steps to boost productivity and performance, from assessing needs to optimizing and training for success.",SaaS tools are necessary for modern businesses that want to stay ahead of the competition. An effective SaaS implementation strategy ensures your team gets the most out of all the benefits SaaS offers. Read on to learn how to start doing it.
kpi-implementation-metrics-level2.json,,,4,How to Fix SaaS Implementation Delays (Reduce Go-Live Time by 60% ...,https://www.beacon.li/blog/how-to-fix-enterprise-saas-implementation-delays,"Learn how to fix SaaS implementation delays caused by manual workflows, poor requirements, and data migration issues. Discover how AI orchestration reduces go-live time by 60%+.","Enterprise SaaS implementations take longer than expected because the execution process is fragmented across multiple phases that don’t connect seamlessly. Requirements, configuration, data migration, and testing are handled in silos, with manual handoffs between teams creating delays, rework, and misalignment."
kpi-implementation-metrics-level2.json,,,5,SaaS Implementation in 2026 (Best Practices + Checklist),https://www.storylane.io/blog/saas-implementation-checklist,Want to drive user adoption for your SaaS platform? Learn the art of SaaS implementation to discover how to roll out a product your users will love,"Whether you're exploring solutions engineering as a career, hiring for an SE team, or trying to make your current team more productive, this guide covers everything you need to know: the role, the skills, the salary benchmarks, the tech stack, and the scaling strategies that help SaaS companies get more out of every SE on the roster."
kpi-implementation-metrics-level2.json,,,6,SaaS implementation best practices: the complete 2026 playbook ...,https://www.guideflow.com/blog/saas-implementation-best-practices,"A practical playbook for SaaS implementation best practices in 2026. Covers the step-by-step process, adoption strategies, measurement frameworks, and the mistakes that kill most rollouts.","Measurement is where most implementations get vague. ""Track KPIs"" is advice that sounds useful until you try to do it."
kpi-implementation-metrics-level2.json,,,7,"SaaS Implementation Guide: Steps, Best Practices & Success Stories",https://www.phenom.com/blog/saas-implementation-guide,"Master SaaS implementation with step-by-step guidance, proven HR tech strategies, and success stories from leading organizations.","Thales achieved 24% faster time-to-hire, 15 recruiter hours saved weekly, over 150,000 automations used, and grew adoption from 20% to 95% within 18 months, sourcing 4,500+ hires through Fit Scores or rediscovered leads. PT Solutions improved candidate handoffs and made first hires from AI-suggested candidates in hard-to-fill locations."
kpi-implementation-metrics-level2.json,,,8,Time to Value: The 2026 SaaS Onboarding Metrics Framework,https://www.digitalapplied.com/blog/customer-onboarding-time-to-value-2026-saas-metrics-framework,"Two-thirds of new SaaS users never reach the aha moment. A 2026 framework for activation events, the 7% retention rule, and compressing time to value.","Compressing TTV is the front end of a chain that runs through churn prediction models and into net revenue retention benchmarks. The same cohort instrumentation powers all three. Operationally, the workflow layer that executes the nudges and handoffs is client onboarding automation, and the upgrade triggers it surfaces feed directly into subscription pricing decisions."
kpi-implementation-metrics-level2.json,,,9,SaaS Implementation: Best Practices to Maximize Your ROI on New ...,https://onramp.us/blog/software-implementation,"Learn best practices for onboarding, tracking usage, and customizing solutions to ensure successful SaaS software implementation project planning and adoption.","Implementing robust security measures ensures ongoing compliance with industry standards and regulations. Finally, measuring success by defining and tracking key performance indicators (KPIs) allows you to analyze the software's impact on business processes and outcomes."
kpi-implementation-metrics-level2.json,,,10,"16 SaaS KPIs: Growth and Revenue, Sales, Marketing, and Customer ...",https://www.netsuite.com/portal/resource/articles/erp/saas-kpis.shtml,"SaaS companies use KPIs to drive targeted improvements. Learn which ones to track, along with examples, benchmarks, and a free cheat sheet of formulas to download.","Use SaaS KPIS to drive business improvement. Learn about top KPIs, formulas, calculations, examples and benchmarks. Download a free cheat sheet."
kpi-professional-services-productivity-level2.json,,,1,"Professional Services KPIs: Key Metrics, Benchmarks(2026)",https://www.rocketlane.com/blogs/professional-services-kpis,"Track the right professional services KPIs — financial, delivery, resource, client, and talent metrics with benchmarks every PS leader needs.","Billed utilization: The portion of billable hours that ultimately appear on client invoices. Tracking all three reveals where revenue leaks occur. A healthy utilization strategy aligns staffing plans, delivery execution, and billing outcomes. Available hours represent the total working time consultants are expected to contribute during a period, excluding holidays and approved leave. Productive hours refer to time spent performing meaningful delivery work, whether billable or internal activities that contribute directly to client outcomes or firm capability."
kpi-professional-services-productivity-level2.json,,,2,PROFESSIONAL SERVICES KPI'S YOU SHOULD BE TRACKING,https://www.precursive.com/post/professional-services-kpis-you-should-be-tracking,"In Professional Services, the only way you can keep on top of all deliverables is to ensure there are metrics in place to monitor success.","Billable Realization = Billed Hours / Billable Hours · A low realization rate can be caused by poor scoping or delivery leading to the vendor needing to do additional work to solve issues. This is not always a common utilization metric for SaaS companies. Productive utilization is used to describe the number of billable hours as well as time spent that drives value for the customer, improves the relationship and business development activities that all contribute to growth."
kpi-professional-services-productivity-level2.json,,,3,How to Measure Professional Services Utilization Rate: A Guide ...,https://www.getmonetizely.com/articles/how-to-measure-professional-services-utilization-rate-a-guide-for-saas-executives,"Introduction For SaaS companies offering professional services, utilization rate is perhaps the most critical metric for measuring operational efficiency","According to the 2023 TSIA Professional Services Benchmark, SaaS companies specifically tend to achieve utilization rates approximately 5% lower than pure consulting firms due to product-related support requirements and implementation standardization. While the utilization percentage is important, it shouldn't be the only metric you consider. High utilization without corresponding high billable rates or project profitability may indicate inefficient pricing or service delivery models."
kpi-professional-services-productivity-level2.json,,,4,How to Effectively Manage Your Professional Services Team with ...,https://www.thesaascfo.com/how-to-effectively-manage-your-professional-services-team-with-metrics/,Your professional services team plays an important role in your SaaS company. Botch a customer onboarding and you may have just lost valuable ARR. Services means different things to different companies. It could be a one-hour onboarding call or a twelve-month implementation project.,"Learn how to manage your SaaS professional services team with metrics. These include backlog, margins, billable utilization, and backlog in months."
kpi-professional-services-productivity-level2.json,,,5,PS Utilization Benchmarks & Capacity Planning,https://www.kantata.com/blog/article/professional-services-utilization-benchmarks,"Professional services utilization benchmarks vary by role and firm type. Here's how to track them, what they mean, and how capacity planning connects.","It’s also worth noting the difference between billable utilization and resource utilization. Resource utilization includes all productive time: training, internal projects, business development. But billable utilization tracks only the hours that generate client revenue."
kpi-professional-services-productivity-level2.json,,,6,Billable Utilization Rate Statistics in Professional Services Firms,https://www.mosaicapp.com/post/billable-utilization-rate-statistics-in-professional-services-firms,Analyze billable utilization rate benchmarks and statistics to assess how your firm compares to professional services industry standards.,"Billable Utilization Rate: A Guide for SaaS & Pro Service · Employee Utilization: Formula, Benchmarks & How to ... ... ProductResource PlanningResource AllocationCapacity PlanningWorkforce IntelligenceProject Planning Project Financial ControlsAI, Automation, and ForecastingIntegrations"
kpi-professional-services-productivity-level2.json,,,7,Mastering capacity and utilization in professional service,https://www.rocketlane.com/blogs/capacity-and-utilization-in-professional-services,"Learn how to build capacity models, track utilization, and improve project delivery using PSA tools like Rocketlane. Get practical tips and examples.","This guide compares top PSA platforms for 2026 on delivery execution, financial visibility & AI-automation ... Careers · We are hiring! ... A Forward Deployed Engineer (FDE) embeds in the customer environment to implement, customize, and operationalize complex products. They unblock integrations, fix data issues, adapt workflows, and bridge engineering gaps — accelerating onboarding, adoption, and customer value far beyond traditional post-sales roles."
kpi-professional-services-productivity-level2.json,,,8,The Critical Importance of Utilization Tracking for Professional ...,https://www.ruddr.com/post/the-critical-importance-of-utilization-tracking-for-professional-services-firms,"Utilization is a key indicator of operational efficiency, revenue generation, and workforce planning.","A team can have high billable utilization and still underperform if realization (invoice write-offs) is weak or projects are overrunning. A team can also have temporarily lower billable utilization for good reasons, such as onboarding new hires ahead of demand or investing in capability building for a fast-growing practice."
kpi-professional-services-productivity-level2.json,,,9,Billable Utilization: Managing Billable Hours in Professional Service ...,https://productive.io/blog/billable-utilization/,Master billable utilization to maximize profitability in professional service agencies. Learn key techniques for efficient hour management.,"A simpler way to get these key agency insights is to implement professional services automation software that helps you generate reports automatically. PRODUCTIVE SUPPORTS BILLABLE UTILIZATION TRACKING AND FORECASTING · For example, Productive supports tracking utilization per various metrics, including seniority, departments, services, and various periods. One of the main selling points of the tool is the forecasting feature, which you can use to assess your future resource utilization. This helps you decide whether you have enough capacity to take on new client projects."
kpi-professional-services-productivity-level2.json,,,10,7 Professional Services KPIs You Need To Track + Formulas,https://productive.io/blog/professional-services-kpis/,"Overview of key professional services KPIs, how to use formulas to calculate them, and recommended software for tracking and early alerts.","For example, if someone logs 20 billable hours in a standard 40-hour week, their billable utilization is 50%. To measure utilization correctly, include time off such as vacation, sick leave, and public holidays. You need the real picture of how many hours a person actually had available. What counts as billable can vary by industry and contract. In short, billable work ties directly to delivering the project."
kpi-support-productivity-level2.json,,,1,A 5-Step Ticket Deflection Roadmap for SaaS Support Teams - Capacity,https://capacity.com/blog/ticket-deflection/,"Ticket deflection helps SaaS companies avoid unnecessary tickets, automate support, and deliver faster service. Implement it step by step.","Data from RingCentral shows AI cuts after-call workload by an average of 35%, or roughly 5.8 minutes saved per call. That adds up to more capacity for high-impact tasks without adding headcount. Scalability: Deflection enables your support operation to grow without proportional increases in staffing. Whether you’re navigating seasonal surges, onboarding new customers, or launching products, automation ensures your team can keep up without compromise."
kpi-support-productivity-level2.json,,,2,23 Support Ticket Resolution Statistics by Complexity (2026),https://unthread.io/blog/support-ticket-resolution-statistics/,"Explore 23 ticket resolution stats by complexity in 2026. Learn how tiers, AI, and self-service impact cost, speed, and efficiency.","The data shows a massive cost difference between self-service ($1–$4) and phone support ($17–$25), an FCR gap between structured (72%) and unstructured (45%) support teams, and a 13% slice of complex tickets driving 80% of all lost productivity. The highest-performing internal support teams differentiate their approach by complexity — automating simple tickets (where AI delivers a 12x cost advantage and deflects 45%+ of queries), AI-assisting mid-tier ones (boosting agent throughput by 13.8%), and reserving human expertise for the truly complex issues that justify the investment."
kpi-support-productivity-level2.json,,,3,SLA Benchmarks & AI Support Trends 2026,https://unthread.io/blog/customer-support-sla-statistics/,"Explore SLA benchmarks, response times, FCR metrics, and AI trends shaping modern customer and internal support performance in 2026.","Data-driven analysis of how internal support teams across SaaS, fintech, healthcare, and technical operations are using purpose-built AI agents, performance management, and workflow automation to reduce resolution times, cut costs, and boost productivity for IT, HR, and employee service delivery Support agent productivity has become the defining metric for operational"
kpi-support-productivity-level2.json,,,4,AI Ticket Deflection: How to Reduce Your Team’s Support Volume ...,https://www.usepylon.com/blog/ai-ticket-deflection-reduce-support-volume-2025,"Support volumes keep ticking up, but you don't have the budget to proportionally scale your team. Learn how AI ticket deflection can help your team cut support requests by up to 60% · Resolve issues faster, strengthen relationships, and uncover opportunities across every customer interaction","Industry benchmarks suggest 23% average deflection for tech companies, but best-in-class organizations achieve 40-60% or higher. The ""right"" rate depends on your product complexity and customer expectations."
kpi-support-productivity-level2.json,,,5,AI Support Productivity Benchmarks & SLA Insights 2026,https://unthread.io/blog/support-agent-productivity-statistics/,"Explore AI-driven support benchmarks, SLA metrics, and productivity stats shaping internal IT, HR, and operations teams in 2026.","In internal support contexts, purpose-built AI agents can deflect tickets by referencing knowledge bases, understanding request intent through LLMs, and drafting responses before human handoff. Current data shows · 65% of incoming support queries were resolved without human intervention in 2025, while AI chatbots can manage up to ... Self-learning knowledge bases automatically detect repeat questions from ticket history and generate draft help articles for review."
kpi-support-productivity-level2.json,,,6,10 Ways to Reduce Support Ticket Response Time,https://www.supportbench.com/ways-reduce-support-ticket-response-time/,"Use AI triage, smart SLAs, unified channels, templates, and dashboards to cut support ticket response times, handle more tickets, and boost satisfaction.","For complex B2B issues, unified systems can bring in product or engineering teams via integrations with tools like Slack or Microsoft Teams, especially for high-priority (P1) issues. The numbers speak for themselves. Companies with strong omnichannel customer experience programs report a 91% higher year-over-year increase in customer retention. B2B SaaS companies using AI-driven unified platforms see 60% higher ticket deflection and 40% faster response times."
kpi-support-productivity-level2.json,,,7,Best AI Ticket Deflection Tools and Strategies for 2026 | IrisAgent,https://irisagent.com/blog/best-ticket-deflection-strategies-to-improve-customer-satisfaction/,"Compare the best AI ticket deflection tools and proven self-service strategies for 2026. See how AI agents, knowledge bases, and chatbots cut ticket volume and lift CSAT.","Targeted self-service is delivered exactly where the user is struggling within a digital product, ensuring assistance is provided at the point of need. Some of the advantages of DAPs include: ... Customer support tickets are reduced or eliminated. Saas companies have used DAPs successfully to improve user satisfaction and in the process, implemented ticket deflection."
kpi-support-productivity-level2.json,,,8,Ticket deflection: from self-service to autonomous resolution [2026] ...,https://devrev.ai/blog/ticket-deflection,"Learn the 4-level deflection-to-resolution spectrum, the deflection rate formula, and DevRev’s simple 5-step framework to improve support efficiency and outcomes.","If the deflection rate is climbing but FCR is flat or falling, it's a signal that your AI is closing conversations without fully solving them, a pattern that quietly erodes CSAT and drives repeat contacts. Use insights from Computer to prioritize new automations. From there, you can extend into multilingual support, additional channels (like WhatsApp or SMS), and more complex Level 4 workflows. The key is to treat deflection as a product: instrumented, iterated, and constantly tuned based on real-world behavior."
kpi-support-productivity-level2.json,,,9,14 Customer Service Metrics Every Support Team Should Be Tracking,https://www.gorgias.com/blog/customer-support-metrics,"The customer support metrics every ecommerce team should track — with benchmarks by vertical, formulas, and what good actually looks like.","Create customer service response templates for FAQs (shipping, returns, product questions) ... Self-service deflection means customers find answers without agent help. This is the fastest possible response time: instant. When customers can resolve common questions through a searchable knowledge base or automated chat flow, they get immediate satisfaction and your team avoids another ticket."
kpi-support-productivity-level2.json,,,10,Support Cost Per Resolution: AI & Channel Benchmarks,https://unthread.io/blog/customer-support-cost-per-resolution-statistics/,"Breakdown of support cost per resolution across phone, email, chat, and self-service, plus how AI agents and Slack automation reduce IT, HR costs.","AI deflection · rates exceed 45% of incoming queries, according to customer experience benchmark data. Unthread's · self-learning Knowledge Base automatically generates documentation from resolved tickets, continuously expanding the content available for AI-assisted deflection."
official-beacon-trust-pricing-partners-level2.json,,,1,BFSI | beacon.li,https://www.beacon.li/bfsi-agentic-automation,"Absolutely. Beacon operates entirely above your UI layer and never accesses databases, APIs, or sensitive data. It's SOC 2 compliant with built-in RBAC, SSO, and audit trails.","Absolutely. Beacon never accesses PII, APIs, or backend systems. It’s SOC 2 compliant, RBAC-ready, and can be deployed on-prem, in VPC, or with your own model (BYOM)."
official-beacon-trust-pricing-partners-level2.json,,,2,Overview | beacon.li,https://www.beacon.li/overview,"Absolutely. Beacon operates entirely above your UI layer and never accesses databases, APIs, or sensitive data. It's SOC 2 compliant with built-in RBAC, SSO, and audit trails.",
official-beacon-trust-pricing-partners-level2.json,,,3,Compliance frameworks followed by Trust Center - Beacon.li,https://trust.beacon.li/compliance,"Explore compliance standards met by Trust Center to ensure security, privacy, and regulatory adherence for all stakeholders. Powered by Sprinto.","SOC 2 is a voluntary compliance standard for service organizations, developed by the American Institute of CPAs (AICPA), which specifies how organizations should manage customer data. The standard is based on the following Trust Services Criteria: security, availability, processing integrity, confidentiality, and privacy. ... The California Consumer Privacy Act provides data privacy rights to California residents, allowing them control over how their personal information is collected and used."
official-beacon-trust-pricing-partners-level2.json,,,4,Trust Center Security Controls & Measures | By Sprinto,https://trust.beacon.li/controls,"Explore Trust Center’s security controls covering product, data, network, and corporate security safeguards. Powered by Sprinto.","Role-Based Access Control (RBAC) to manage user permissions securely and efficiently. Each user is assigned roles aligned with their job responsibilities, ensuring access is limited to only the systems and data required for their duties."
official-beacon-trust-pricing-partners-level2.json,,,5,Accelerate Enterprise software implementation | Beacon.li,https://www.beacon.li/implementation-automation,"Beacon.li slashes enterprise software implementation time by 75%. Go live in weeks, not months with 60% less delivery effort and zero integration hassle.","Absolutely. Beacon operates entirely above your UI layer and never accesses databases, APIs, or sensitive data. It's SOC 2 compliant with built-in RBAC, SSO, and audit trails."
official-beacon-trust-pricing-partners-level2.json,,,6,ITC Vegas 2025 | beacon.li,https://www.beacon.li/itc-vegas-2025,"Insurance has entered the AI Era; but most tools automate tasks in silos. At ITC Vegas, we’re introducing a different path: Agentic Orchestration · Beacon.li is the system-agnostic AI layer that coordinates outcomes across acquisition, claims, and support – without touching backend systems.","Beacon.li is built to solve exactly these pain points – through composable, compliant, and human-auditable orchestration that proves value in weeks, not years. Deploy without disrupting core systems. Experience orchestration live on your product in just a week. Use any LLM, BYOM, or deploy on your own infrastructure; works across any tech stack. No training on PII or transactional data; Built in security with SOC 2, ISO 27001, GDPR, and RBAC"
official-beacon-trust-pricing-partners-level2.json,,,7,Trust Center - Trust Center - Security & Privacy,https://trust.beacon.li/,"Trust Center's Trust Center for compliance, data security, and privacy. See how we protect your data and meet regulatory standards. Powered by Sprinto.","Beacon.li recognises that the confidentiality, integrity and availability of information and data created, maintained and hosted by us are vital to the success of the business and privacy of our partners."
official-beacon-trust-pricing-partners-level2.json,,,8,Security Policies & Docs | Trust Center Trust Center,https://trust.beacon.li/resources,"Access Trust Center’s security resources, including policies, procedures, and compliance documentation. Powered by Sprinto.","Beacon.li recognises that the confidentiality, integrity and availability of information and data created, maintained and hosted by us are vital to the success of the business and privacy of our partners."
official-beacon-trust-pricing-partners-level2.json,,,9,From Reporting Backlog to Real-Time Insights with Beacon,https://www.beacon.li/real-time-insights,"Stop waiting weeks for reports. Beacon delivers instant, in-product insights without dashboards or devs. See 3x faster decision-making.","Yes. Beacon never pulls raw data outside your platform. It works above the UI and adheres to SOC 2, ISO, and GDPR compliance standards."
official-beacon-trust-pricing-partners-level2.json,,,10,Retail Tech | beacon.li,https://www.beacon.li/retail-tech-agentic-orchestration,"Beacon helps e-commerce and retail tech platforms onboard merchants faster, drive 4x feature adoption, and resolve 80% of support tickets autonomously—all without touching your backend or scaling support ops · Weeks spent configuring catalogs, pricing rules, and payout setups delay revenue ...","Yes. Beacon never touches your backend or customer data. It works above the UI, with enterprise-grade SOC 2, ISO, and GDPR compliance built in."
official-boomi-trust-pricing-partners-level2.json,,,1,Enterprise iPaaS Data Security & Certifications - Boomi,https://boomi.com/blog/role-of-security-enterprise-ipaas/,"Certifications, compliance standards, and data security practices are needed for an enterprise iPaaS to provide the best functionality and control.","Control. Fine-grained role-based access control (RBAC) for access to data and applications, minimizing the risk of unauthorized access or data breaches · Auditability."
official-boomi-trust-pricing-partners-level2.json,,,2,Security & Privacy Compliance: We Keep Customer Data Safe,https://boomi.com/compliance/,Welcome to Boomi's Compliance page! Learn more about how we meet the stringent government and customer standards for security and privacy.,"Boomi-specific Information PCI certification is considered the best way to safeguard sensitive data and information, and Boomi puts this at the forefront as we build a trusted relationship with our customers and partners. The Boomi Enterprise Platform has received attestation of compliance for service providers for PCI-DSS. ... Publicly Available Information System and Organization (SOC) reports utilize independent, third-party auditors to examine various aspects of a company, such as: security, availability, processing integrity, confidentiality, privacy, controls related to financial reporting, and controls related to cybersecurity."
official-boomi-trust-pricing-partners-level2.json,,,3,API Governance | Boomi,https://boomi.com/platform/api-governance/,"Gain enterprise-wide visibility and policy-based control over your APIs, integrations, and data with proven federated governance.","Boomi simplifies compliance by enabling granular access controls, configurable security policies, and alignment with regulatory frameworks such as ISO 27001, ISO42001, PCI DSS, SOC 2, and HITRUST. The platform offers automated monitoring, detailed documentation, and regular audits to help meet legal and industry-specific requirements at scale, while also ensuring ongoing compliance throughout the API lifecycle."
official-boomi-trust-pricing-partners-level2.json,,,4,API Products | Boomi,https://boomi.com/platform/api-products/,"Protect critical APIs with scalable, real-time security that enforces access control, prevents abuse, and ensures compliance.","It supports exposing APIs via developer portals, where partners can access documentation, manage subscriptions, and monitor usage. How does Boomi ensure compliance with industry standards and regulations? Boomi ensures compliance with various industry standards and regulations, including ISO 27001, GDPR, HIPAA, SOC 2, and PCI DSS. Compliance is achieved through regular audits, robust security measures, and comprehensive documentation, which help organizations meet legal requirements and protect sensitive data effectively."
official-boomi-trust-pricing-partners-level2.json,,,5,The Importance of Agentic AI Compliance - Boomi,https://boomi.com/blog/agentic-ai-compliance/,"Agentic AI offers exciting new opportunities to take advantage of new technology, but businesses need to be sure agents don’t access sensitive data or systems.","Stakeholder Trust and Reputation: Documented AI practices and transparent decision-making processes build credibility with customers, business partners, and regulatory authorities who scrutinize AI deployment. Scalable Compliance Operations: Through guardrail tools, centralized API security policy enforcement, and agentic governance and monitoring, companies using AI tools can maintain quality data oversight as business volume and regulatory complexity increase. Consider the following practices to help companies build AI systems that pass audits and work reliably in regulated industries."
official-boomi-trust-pricing-partners-level2.json,,,6,Understanding EDI Security and Compliance - Boomi,https://boomi.com/blog/understanding-edi-security-compliance/,"Learn essential EDI security and compliance requirements for safe data exchange, key protocols, regulatory standards, and practical implementation steps.","Comprehensive Compliance Certifications: Boomi B2B/EDI Management meets industry standards and regulations, including ISO certifications and SOC audits. Role-Based Access Controls (RBAC): The platform defines user permissions to restrict access to authorized personnel only. Automated Workflows: Boomi reduces manual tasks and errors through process automation."
official-boomi-trust-pricing-partners-level2.json,,,7,What is iPaaS? | Boomi,https://boomi.com/blog/what-is-ipaas/,"iPaaS enables enterprise integration with a single platform for API management, workflow automation, and data governance.","Boomi supports enterprise security standards like SOC 2, HIPAA, GDPR, and more. You can set role-based access, manage audit logs, and govern integrations centrally. Most platforms are built with low-code or no-code functionality so non-developers can create workflows. But most Enterprise companies need to go beyond out-of-the-box options. With custom integration, developers can still go deeper when needed to add logic, extensions, or scripting where appropriate. Business users can automate tasks visually, while developers can extend functionality as needed."
official-boomi-trust-pricing-partners-level2.json,,,8,Article: Boomi Blueprint: Comprehensive Guide - Boomi Community,https://community.boomi.com/s/article/Boomi-Blueprint,"Boomi Blueprint – Comprehensive Guide Introduction The Boomi Blueprint serves as a strategic framework for organizations looking to accelerate their digital transformation journey. Developed by Boomi experts, the Blueprint consolidates years of integration experience, architectural excellence, ...","Boomi Blueprint – Comprehensive Guide Introduction The Boomi Blueprint serves as a strategic framework for organizations looking to accelerate their digital transformation journey. Developed by Boomi experts, the Blueprint consolidates years of integration experience, architectural excellence, and platform best practices into one cohesive model."
official-boomi-trust-pricing-partners-level2.json,,,9,Boomi Runtime | The Data Activation Company,https://boomi.com/platform/runtime/,Boomi Runtime is built for the way enterprises actually operate. Deploy anywhere your business operates. Monitor it all in one platform.,"Compliance requirements shouldn’t be a bottleneck to growth. Keep data in your environment and stay audit-ready. Boomi satisfies FedRAMP, SOC 1/2/3, HIPAA, ISO 27001, and StateRAMP requirements by design so compliance never slows you down."
official-boomi-trust-pricing-partners-level2.json,,,10,Boomi vs Workato - iPaaS Comparison,https://boomi.com/workato/,"Boomi gives you the flexibility, control, and customizability Workato can’t, with support for on-premise data processing, EDI/B2B, full API lifecycle management, and data synchronization.","With Boomi automating routine tasks, we’re on pace to eliminate ~6,000 hours of manual work, and provide new products and services so that members can handle their financial lives better. Referencing Public Facing Workato Documentation on How Workato’s On-prem agent Works · Referencing Workato’s Documentation on API Proxy Collections · Referencing Workato’s not among the listed partners on marketplace.fedramp.gov and Workato’s Security Compliance Overview Documentation"
official-guidecx-trust-pricing-partners-level2.json,,,1,GUIDEcx – The Best Client Onboarding Software for New Customers,https://www.guidecx.com/,"GUIDEcx is the modern client onboarding software that makes implementations more visible, more engaging, and more durable.","GUIDEcx is SOC 2 compliant and built with enterprise-grade security standards. Data is hosted in secure, monitored infrastructure, and the platform supports SSO for access management."
official-guidecx-trust-pricing-partners-level2.json,,,2,Data Processing Agreement – GUIDEcx,https://www.guidecx.com/dpa/,"GUIDECX DATA PROCESSING AGREEMENT February 10, 2026 This Data Processing Agreement (“DPA”) is an addendum to the Master Service Agreement (“Agreement”) between","You may view the current list and the purpose of engagement at https://app.drata.com/trust/9cc51e0b-0c38-11ee-865f-029d78a187d9, which is incorporated into this DPA. Annex 2. Security Measures Please refer to Section 3 of the latest GUIDEcx SOC 2 Type II report for a detailed description of the GUIDEcx security program and associated controls and procedures, which is available upon request."
official-guidecx-trust-pricing-partners-level2.json,,,3,Pricing – GUIDEcx,https://www.guidecx.com/products/pricing/,"See information about GUIDEcx Pricing and features included across our Starter, Premium, and Advanced packages.","Yes. We use industry-leading security practices, including SOC 2 compliance, data encryption, and Single Sign-On (SSO) for Premium and Advanced users."
official-guidecx-trust-pricing-partners-level2.json,,,4,Single Sign On (SSO) Setup | GUIDEcx Knowledge Base,https://help.guidecx.com/en/articles/5643518-single-sign-on-sso-setup,Learn how to set up SSO with GUIDEcx to reduce the number of credentials your users need to create!,
official-guidecx-trust-pricing-partners-level2.json,,,5,10 Best Customer Onboarding Software for 2026 – GUIDEcx,https://www.guidecx.com/blog/10-best-customer-onboarding-platforms-for-2026/,"After hundreds of conversations with implementation teams, we've evaluated the best customer onboarding platforms for 2026. Check out the rankings.","A good onboarding experience usually gets customers to value faster than a bad one. But when it doesn’t, the process is meaningfully engaging and transparent, resulting in shared trust."
official-guidecx-trust-pricing-partners-level2.json,,,6,Integrations – GUIDEcx,https://www.guidecx.com/products/integrations/,"Integrate with thousands of systems with off-the-shelf integrations, or build and customize your own. See how GUIDEcx integrates with your systems.","Integrate any of thousands of systems that make your team, customers, and partners most effective and reduce the burden of change management."
official-guidecx-trust-pricing-partners-level2.json,,,7,GUIDEcx,https://zenoti.guidecx.com/auth/login/sso,Single Sign On,
official-guidecx-trust-pricing-partners-level2.json,,,8,🧭 Getting Started with GUIDEcx | GUIDEcx Knowledge Base,https://help.guidecx.com/en/articles/5611145-getting-started-with-guidecx,Welcome to GUIDEcx — your partner in delivering exceptional client onboarding experiences.,"Enter your work email and password, or log in with SSO if enabled."
official-guidecx-trust-pricing-partners-level2.json,,,9,GUIDEcx,https://posnation.guidecx.com/auth/login/sso,Single Sign On,
official-guidecx-trust-pricing-partners-level2.json,,,10,GUIDEcx,https://netchex.guidecx.com/auth/login/sso,Single Sign On,
official-mulesoft-trust-pricing-partners-level2.json,,,1,Anypoint Platform Trust Center | Mulesoft,https://www.mulesoft.com/trust-center,"MuleSoft maintains a high standard for security and has multiple third-party validations including ISO 27001, SOC 1, SOC2, HIPAA, and PCI DSS.","Use identity management to control access, powerful encryption to protect data whether it's in transit or at rest, regular penetration testing to find and fix vulnerabilities, and detailed audit logs to track everything that happens for complete visibility. We're certified to meet global, industry-specific security standards like ISO 27001, SOC 2, PCI DSS, and HIPAA and use independent auditors to verify our compliance regularly."
official-mulesoft-trust-pricing-partners-level2.json,,,2,360 Zero Trust Security Fabric | MuleSoft Blog,https://blogs.mulesoft.com/automation/360-zero-trust-security-fabric/,"Discover how Salesforce’s 360 zero trust security fabric, powered by MuleSoft Agent Fabric, uses digital twins to simulate agentic workflows, validate trust boundaries, and enforce secure, explainable governance across regulated environments.","The emphasis on trust, AI, and platform-native orchestration continues to shape how organizations think about secure access. Salesforce’s vision for…"
official-mulesoft-trust-pricing-partners-level2.json,,,3,API Security | Anypoint Security,https://www.mulesoft.com/api/security,Protect data from threats and enforce API security best practices with Anypoint Security.,"Set security rules automatically and hide sensitive data with tokens to meet compliance requirements more easily. ... Meet security requirements like ISO 27001, SOC 1 & 2, PCI DSS, and HIPAA while keeping private data protected under GDPR compliance."
official-mulesoft-trust-pricing-partners-level2.json,,,4,What is SaaS (Software as a Service)? A Complete Guide | Mulesoft,https://www.mulesoft.com/integration/what-is-saas,"Learn what SaaS is, how it works, best practices for adoption, and how it compares to PaaS and IaaS for businesses of all sizes.","Compliance with regulations: SaaS providers must comply with strict regulations to protect sensitive data and maintain industry trust. Regular audits and certifications demonstrate compliance, assuring customers that their data is handled responsibly. User access control and authentication: SaaS platforms implement strong access controls to limit data access to authorized users. Role-based access control (RBAC) ensures users can only access relevant information based on their role. Multi-factor authentication (MFA) adds an extra security layer, and single sign-on (SSO) streamlines access across applications while maintaining tight security."
official-mulesoft-trust-pricing-partners-level2.json,,,5,Enterprise Integration | Anypoint Platform | Mulesoft,https://www.mulesoft.com/platform/enterprise-integration,"Meet Anypoint Platform: the complete hybrid integration platform for SOA, SaaS, and APIs. Freedom to integrate on-premises or in the cloud.","Protect your APIs with advanced security features that stop threats and enforce best practices automatically. ... Deploy MuleSoft applications on Salesforce's next-gen cloud infrastructure, Hyperforce, for better performance and data residency control."
official-mulesoft-trust-pricing-partners-level2.json,,,6,7 Best Enterprise Integration Software in 2026 | Mulesoft,https://www.mulesoft.com/integration/best-integration-software,"Evaluate the top seven B2B integration software for 2026. Compare features, performance, and capabilities to find the best tool for your business needs.","Evaluate encryption, authentication, and audit trail capabilities, and verify compliance with relevant industry regulations such as HIPAA, GDPR, or ISO standards. Strong security and compliance features help prevent data breaches and maintain trust with partners."
official-mulesoft-trust-pricing-partners-level2.json,,,7,MuleSoft and GDPR compliance | MuleSoft Blog,https://blogs.mulesoft.com/news/mulesoft-gdpr-compliance/,"At MuleSoft, we are committed to maintaining privacy and security on the data you share with us. Like many of our customers and partners, MuleSoft has been preparing for the GDPR regulations that are changing the global data privacy landscape. Our privacy and security teams have been working ...","At MuleSoft, we are committed to maintaining privacy and security on the data you share with us. Like many of our customers and partners, MuleSoft has been preparing for the GDPR regulations that are changing the global data privacy landscape. Our privacy and security teams have been working with customers and internal teams to prepare | MuleSoft Blog"
official-mulesoft-trust-pricing-partners-level2.json,,,8,Have a safe microservice journey! | MuleSoft Blog,https://blogs.mulesoft.com/dev-guides/microservices/safe-microservice-journey/,"An architecture needs to bend, not break, as new innovations, best practices, and needs emerge. In this post, I’ll explore the broader landscape we are traveling to support that agility. In my last post, I talked about the relentless focus on experiences, rather than spending a lot of calories ...","An architecture needs to bend, not break, as new innovations, best practices, and needs emerge. In this post, I’ll explore the broader landscape we are traveling to support that agility. In my last post, I talked about the relentless focus on experiences, rather than spending a lot of calories on the things that aren’t directly | MuleSoft Blog"
official-mulesoft-trust-pricing-partners-level2.json,,,9,Partner finder: Technology | MuleSoft,https://www.mulesoft.com/integration-partner/finder/technology,Connect with leading MuleSoft partners today! Discover technology brands that synergize to speed up your business operations.,"Automation Anywhere is a leading RPA and intelligent automation solution that complements MuleSoft's API integration and provides comprehensive data integration and process automation solution for the enterprise. Learn more ... Axiomatics provides externalized fine-grained authorization for APIs, microservices, databases, Big Data and applications. The Axiomatics authorization suite covers the lifecycle of policy-based access control, helping customers to create the framework, implement and maintain their policies, as well as enforce and audit access control."
official-mulesoft-trust-pricing-partners-level2.json,,,10,AI Zero Trust Architecture for Agentic and Non-Agentic Worlds | ...,https://blogs.mulesoft.com/automation/zero-trust-architecture-for-agentic-and-non-agentic-worlds/,Leverage MuleSoft to extend zero trust principles and architecture to seamlessly cover both agentic and non-agentic worlds. This unified approach enables organizations to leverage existing investments in their security frameworks and safeguard their data while embracing autonomous agents.,"We have previously discussed zero trust architecture with MuleSoft, particularly the foundational principles with attribute based access control (ABAC) and…"
official-pendo-trust-pricing-partners-level2.json,,,1,Security and privacy in Pendo – Pendo Help Center,https://support.pendo.io/hc/en-us/articles/360031862372-Security-and-privacy-in-Pendo,"Privacy and security are fundamental components of Pendo’s software and services. This article covers what we do to ensure that our solutions don’t negatively impact the confidentiality, integrity,...","Pendo completes an SOC2 Type II audit every year, covering all five Trust Service Principles: Security, Availability, Processing Integrity, Confidentiality, and Privacy."
official-pendo-trust-pricing-partners-level2.json,,,2,Trust Center - Pendo,https://trust.pendo.io/faq,"At Pendo, security and data privacy are first-order considerations, the north star for how we design our products and policies as an organization. Language: English 日本語","Pendo customers can choose to use multi-factor authentication for their access to Pendo's service by either using SAML to integrate with their own identity management system, or by using Google SSO. Also note that Pendo employees use multi-factor authentication for access to all systems containing customer and other sensitive data. ... Yes, Pendo lets you set granular access controls to grant and restrict capabilities based on specific roles and authorities. See the Role-Based Access Control (RBAC) instructions [here](https://support.pendo.io/hc/en-us/articles/360058639932-Roles-and-permissions)."
official-pendo-trust-pricing-partners-level2.json,,,3,AI-Powered Product Experience for Enterprise | Pendo,https://www.pendo.io/pendo-for-enterprise/,"Enterprise product experience platform powered by AI. Accelerate adoption, prove ROI faster, and maintain compliance across global teams — with the security and governance enterprise IT requires.","Enterprise organizations trust Pendo to meet their compliance requirements across every deployment — and Pendo is designed for uninterrupted uptime and enterprise scale, processing millions of events per hour and billions per day with no degradation of performance. ... Pendo completes a SOC 2 Type II audit every year covering all five Trust Service Principles: Security, Availability, Processing Integrity, Confidentiality, and Privacy."
official-pendo-trust-pricing-partners-level2.json,,,4,Data Privacy and Security | Pendo.io,https://www.pendo.io/data-privacy-security/,"At Pendo, performance, security, and data privacy are first-order considerations. Learn how we are investing in the security of your and your users' data.","Pendo observes key industry best practices and regulatory schemes to protect the security and privacy of our customers’ data: SOC2, GDPR, TX-RAMP, and HIPAA."
official-pendo-trust-pricing-partners-level2.json,,,5,Pendo Agent Analytics | Prove AI Agent Value & Adoption,https://www.pendo.io/product/agent-analytics/,"Track AI agent adoption, measure prompts-to-outcomes, and monitor compliance risks with Pendo Agent Analytics. Prove AI value across your SaaS product with full visibility.","The platform supports role-based access, SSO/SAML, data governance controls, and integration with your existing tech stack (CRM, data warehouse, support systems)—so it works for both a single product team and an enterprise IT organization managing dozens of applications."
official-pendo-trust-pricing-partners-level2.json,,,6,General Data Protection Regulation (GDPR) – Pendo Help Center,https://support.pendo.io/hc/en-us/articles/360031869612-General-Data-Protection-Regulation-GDPR,"Pendo is both a data processor and data controller. Pendo processes your customer data and controls the data of our own customers that log in to Pendo. Thus, General Data Protection Regulation (GDP...","To demonstrate our commitment to trust and security, Pendo obtains relevant security certifications and undergoes regular testing and audits to ensure continued compliance. Pendo has self-certified under the Data Privacy Framework and has completed a SOC 2 Type II audit that included all five Trust Services Principles of security, privacy, confidentiality, availability, and processing integrity."
official-pendo-trust-pricing-partners-level2.json,,,7,How to get Pendo's AI features approved at your company | Pendo.io,https://www.pendo.io/pendo-blog/how-to-get-pendos-ai-features-approved-at-your-company/,"From our own security team to you, here are the steps to take to get Pendo AI features in.",Send them to trust.pendo.io first. Most security teams will start with the SOC 2 report and work from there.
official-pendo-trust-pricing-partners-level2.json,,,8,Pendo Trust Center,https://trust.pendo.io/resources,"At Pendo, security and data privacy are first-order considerations, the north star for how we design our products and policies as an organization. Language: English 日本語",
official-pendo-trust-pricing-partners-level2.json,,,9,Data collection and security for Agent Analytics – Pendo Help Center,https://support.pendo.io/hc/en-us/articles/41103184012315-Data-collection-and-security-for-Agent-Analytics,Agent Analytics helps you understand how your visitors interact with AI-powered agents in your application by capturing and reporting on visitor-submitted prompts and conversations.This article out...,"Pendo uses Google Cloud Platform (GCP) to host customer data in a secure, multi-tenant environment. GCP services meet industry standards for security and compliance, including SOC 2 Type II and ISO 27001."
official-pendo-trust-pricing-partners-level2.json,,,10,Plans and pricing for Pendo software experience management solutions ...,https://www.pendo.io/pricing/,"From product analytics to in-app guides and discovery tools, Pendo’s flexible pricing helps your team deliver better software experiences at scale.","Enterprise-grade trust: Move fast with the confidence of SOC2, GDPR, and HIPAA compliance built into the platform."
official-rocketlane-trust-pricing-partners-level2.json,,,1,Rocketlane is now SOC1 Type 2 and SOC2 Type 2 compliant,https://www.rocketlane.com/blogs/rocketlane-soc1-compliance,Rocketlane achieves SOC1 Type 2 compliance and remains compliant for SOC2 Type 2 - ensuring top-tier customer security. Click to read more.,"It is granted to companies that adhere to stringent control requirements while handling customer data and undertake regular audits to evaluate controls' effectiveness. At Rocketlane, we understand the significance of data security and privacy in the modern business landscape. We continuously strive to incorporate industry best practices into our platform, ensuring that our customers can trust us with their most sensitive information. By achieving SOC1 compliance, we demonstrate our commitment to maintaining the highest standards of security for our customers."
official-rocketlane-trust-pricing-partners-level2.json,,,2,Best AI-PSA Software 2026: 11 Top Tools Ranked & Reviewed,https://www.rocketlane.com/blogs/best-psa-software,"Compare the 11 best PSA software tools for 2026, ranked on AI, pricing, go-live, and G2 reviews. We name who each tool is not for.","Security and compliance: SOC 2 Type II, GDPR, 99.9% uptime SLA, HIPAA-ready · Identity and access: SSO via Okta, Azure AD, and Google; role-based permissions across 10+ user types · Global delivery: Multi-currency, multi-timezone, partner and contractor portal with selective project visibility"
official-rocketlane-trust-pricing-partners-level2.json,,,3,Best customer onboarding tools for 2026 | Rocketlane,https://www.rocketlane.com/blogs/customer-onboarding-tools,"Top customer onboarding tools for 2026, including Rocketlane, Gainsight, GuideCX, Dock, Appcues, Pendo, and Userpilot. Comparison for PS leaders in 2026.","Security & Compliance (SOC 2, SSO, Audit Logs) SOC 2–compliant with SSO, role-based access, and audit logs—so enterprise security standards are met without slowing delivery teams."
official-rocketlane-trust-pricing-partners-level2.json,,,4,Rocketlane is SOC 2 Type 2 Certified | Rocketlane,https://www.rocketlane.com/blogs/rocketlane-advances-to-soc-2-type-2-compliance-and-certification,"What an SOC 2 Type 2 certification is, how it is different from SOC 2 Type 1, and what it means for Rocketlane and its customers. Click to read more.","This means that an independent auditor conducted a comprehensive audit of our practices, policies, and operational processes over a period of time and found them to meet the rigorous SOC 2 standards set by the American Institute of Certified Public Accountants (AICPA)."
official-rocketlane-trust-pricing-partners-level2.json,,,5,Rocketlane is SOC 2 Type 2 Certified | Rocketlane,https://rocketlane.com/blogs/rocketlane-is-now-soc-2-compliant,"What an SOC 2 Type 2 certification is, how it is different from SOC 2 Type 1, and what it means for Rocketlane and its customers. Click to read more.","This means that an independent auditor conducted a comprehensive audit of our practices, policies, and operational processes over a period of time and found them to meet the rigorous SOC 2 standards set by the American Institute of Certified Public Accountants (AICPA)."
official-rocketlane-trust-pricing-partners-level2.json,,,6,"Rocketlane Fortifies Infosec: Gets SOC 1 Type 2 Certified, ...",https://www.rocketlane.com/press/rocketlane-fortifies-infosec-gets-soc-1-type-2-certified-stays-soc-2-type-2-compliant-two-years-in-a-row,Rocketlane gets SOC 1 Type 2 and SOC 2 Type 2 certified to keep your data safe and secure. Try it now.,"SAN JOSE, Calif., Dec 14, 2023 — Rocketlane, the leading customer onboarding and PSA platform that helps businesses accelerate their time-to-value, boost customer satisfaction, and improve operational efficiency, today announced that it has obtained the SOC 1 Type 2 certification and remains SOC 2 Type 2 compliant for its IT security processes and protocols. Sensiba, an independent third-party auditor specializing in integrated compliance solutions, performed the audit, including conducting SOC examinations."
official-rocketlane-trust-pricing-partners-level2.json,,,7,Rocketlane becomes CSA STAR LEVEL ONE certified,https://www.rocketlane.com/press/cloud-security-alliance-csa-attests-rocketlanes-infosec-capability-with-star-level-one-recognition,"Rocketlane is #1 rated PSA software with the best-in-class security measures that include CSA STAR LEVEL ONE, ISO 27001: 2022, and SOC 2 certification. Try now.","13, 2023 -- Rocketlane, the world's first customer-centric service delivery platform, today announced that it got Cloud Security Alliance (CSA) STAR LEVEL ONE certified. Founded in 2013 by the CSA, the Security Trust Assurance and Risk - STAR, evaluates cloud solution providers on transparency, auditing rigor, cloud security, and privacy best practices."
official-rocketlane-trust-pricing-partners-level2.json,,,8,7 Best Project Financial Management Tools for PS teams,https://www.rocketlane.com/blogs/project-financial-management-tools,"Compare the top 7 project financial management tools for PS teams — Rocketlane, Certinia, OpenAir, Kantata, etc., with features, pricing, and how to choose.","Security & Compliance (SOC 2, SSO, Audit Logs) SOC 2–compliant with SSO, role-based access, and audit logs—so enterprise security standards are met without slowing delivery teams."
official-rocketlane-trust-pricing-partners-level2.json,,,9,Best Time Tracking Software for Consultants 2026,https://www.rocketlane.com/blogs/time-tracking-software-for-consultants,"We evaluated 10 time tracking tools for consultants. Compare by billable hours, utilization, approval workflows, and AI automation. Built for PS leaders.","Fixed-fee, T&M, retainer, milestone, and subscription billing run simultaneously within a single system. Approved time flows directly into invoicing with locked periods protecting revenue recognition accuracy — making the numbers audit-ready for ASC 606 and SOX-adjacent environments. 4. Enterprise security — SOC 2 Type II, SSO, SAML, and RBAC."
official-rocketlane-trust-pricing-partners-level2.json,,,10,Best Customer Onboarding Portal Software in 2026,https://www.rocketlane.com/blogs/customer-onboarding-portal,"Compare the 6 best customer onboarding portal tools for 2026 on features, pricing, and strong fit for professional services teams.","Rocketlane supports that evolution through role-based permissions, SSO and SAML, audit trails, workflow governance, resource management, time tracking, multi-currency operations, and integrations with platforms such as Salesforce, HubSpot, NetSuite, QuickBooks, BambooHR, and Gong."
official-salesforce-trust-pricing-partners-level2.json,,,1,Data 360 Security Architecture | Data 360 and Integration | ...,https://architect.salesforce.com/docs/architect/fundamentals/guide/data360_security_architecture,"Salesforce Data 360 transforms how enterprises connect, harmonize, and activate customer data at scale. Its true strength, however, lies in how secure","At Salesforce, he serves as a trusted advisor to customers and a key leader in the Security and Compliance Customer Trust function within the CISO organization. Previously, Krishna spent 10 years at Cisco, leading security architecture across IAM, network security, and PKI, and driving key certifications including ISO 27001, SOC 1–3, PCI, FedRAMP, and FIPS 140-2."
official-salesforce-trust-pricing-partners-level2.json,,,2,Salesforce Powers Limitless Government Capacity and Efficient ...,https://www.salesforce.com/news/stories/fedramp-high-agentforce-salesforce-platform/,This authorization enables U.S. public sector organizations to improve constituent experiences and gain higher levels of efficiency by accessing a,"Salesforce partner ecosystem helps government leaders get up and running fast: U.S. public sector leaders can speed up implementation and increase ROI by working with trusted partners who can help them quickly make the most of Salesforce technology. Accenture Federal Services: “Accenture Federal Services’ highly skilled Agentforce practitioners have built a portfolio of agents designed to deliver on federal priorities including expediting government permits and reinventing contact centers. Our Federal customers can see greater impact and efficiency with Agentforce and achieving the FedRAMP High authorization is a game-changer to power agencies toward these goals.” – Aaron Jackson, Technology Growth Platform Leader and Senior Managing Director at Accenture Federal Services"
official-salesforce-trust-pricing-partners-level2.json,,,3,Salesforce Trust and Compliance Documentation | Salesforce,https://www.salesforce.com/company/legal/trust-and-compliance-documentation/,"Explore all Salesforce trust and compliance documentation and information, including security, architecture, subprocessors, and third-party terms.","The Notices and License Information (“NLI”) which describes the features, restrictions and notices associated with any: • Information sourced from third parties or public sources and provided to customers via these services, • Functionality that allows customers to interact with social media, other websites, and/or non-Salesforce applications, including licensor terms, and • Desktop and mobile device software applications provided in connection with these services."
official-salesforce-trust-pricing-partners-level2.json,,,4,SOC 2 Report - OpenAI - Salesforce Compliance Site,https://compliance.salesforce.com/en/documents/a006e00001ANHpZAAX,View details and download versions for the document: SOC 2 Report - OpenAI.,"The MuleSoft Government Cloud is a secure, FedRAMP-compliant deployment environment that enables U.S. Government agencies to use t · Applicable to the services branded as Tableau Next, including the underlying Data Cloud, Tableau Semantics and Agentforce Services."
official-salesforce-trust-pricing-partners-level2.json,,,5,SOC 2 Report - Government Cloud Plus - Salesforce Compliance Site,https://compliance.salesforce.com/en/documents/a005A00000jGuSUQA0,View details and download versions for the document: SOC 2 Report - Government Cloud Plus.,"Granting Access: Upon receiving the notification from the FedRAMP PMO, Salesforce will grant you access to the Public Sector Document Portal. For State, Local, Quasi-Governmental Agencies and Implementation Partners:"
official-salesforce-trust-pricing-partners-level2.json,,,6,SOC 2 Report - Amazon Web Services (AWS) - Salesforce Compliance Site,https://compliance.salesforce.com/en/documents/a006e000011Py43AAC,View details and download versions for the document: SOC 2 Report - Amazon Web Services (AWS).,"Applicable only to the services branded as MuleSoft Government Cloud. The MuleSoft Government Cloud is a secure, FedRAMP-compliant deployment environment that enables U.S."
official-salesforce-trust-pricing-partners-level2.json,,,7,The Salesforce Platform - Transformed for Tomorrow | Get Started ...,https://architect.salesforce.com/docs/architect/fundamentals/guide/platform-transformation,"Over two decades ago, Salesforce pioneered the first multitenant cloud platform, setting a precedent in the industry. Since then, Salesforce has evolv","Salesforce adheres to over 40 security and compliance standards such as PCI/DSS, GDPR, HIPAA, FedRamp, and more. Key security principles include Zero Trust Architecture (ZTA) and end-to-end encryption, ensuring the protection of customer data across all processing stages."
official-salesforce-trust-pricing-partners-level2.json,,,8,​Salesforce Services and other services and features​ ...,https://www.salesforce.com/en-us/wp-content/uploads/sites/4/documents/legal/misc/salesforce-security-privacy-and-architecture.pdf,"​Salesforce Services and other services and features​ ​Security, Privacy​ · ​and Architecture​","​3402), SOC 2 and SOC 3 reports are available for download on Salesforce’s compliance website.​ · ​●​ ​Information System Security Management and Assessment Program (ISMAP)​: ISMAP is a​ · ​program that was established to assess and register cloud services that meet security criteria​ · ​defined by the Japanese government. This audit is undertaken annually."
official-salesforce-trust-pricing-partners-level2.json,,,9,Trust & Compliance Home Page Change Log Table of Contents 1,https://www.salesforce.com/en-us/wp-content/uploads/sites/4/documents/legal/misc/trust-and-compliance-change-log.pdf,Trust & Compliance Home Page · Change Log Table of Contents,Audits and Certifications: Clarified which audits and certifications apply to Commerce Marketplace. ... User Authentication: Noted that passwords are encrypted for Commerce Marketplace. ... No changes. ... No changes. ... Organization Controls (SOC) reports.
official-salesforce-trust-pricing-partners-level2.json,,,10,Top 7 Most Common Cloud Security Frameworks | Salesforce,https://www.salesforce.com/platform/cloud-data-security/cloud-security-framework/,Cloud security frameworks ensure data protection and compliance. Learn about the 7 most common frameworks and how Salesforce optimizes security,"Compliance support: NIST 800-53 underpins other standards like FedRAMP and FISMA and supports internal audit and governance efforts. Implementation: Organizations should select appropriate controls based on their system categorization (low, moderate, or high), and use CSPM tools and internal assessments to monitor and enforce them. Stay ahead of AI regulations and maintain customer trust with the Regulations Whitepaper."
official-servicenow-trust-pricing-partners-level2.json,,,1,ServiceNow AI Platform Compliance - ServiceNow,https://www.servicenow.com/company/trust/compliance.html,We consistently ensure we conform to all of the common compliance frameworks to establish security and compliance on a continuous basis.,"ServiceNow has also undertaken an annual SOC 2 Type 2 attestation since 2013, relevant to security, availability and confidentiality controls listed in the AICPA Trust Services Criteria (TSC). ServiceNow’s SOC 2 report covers the period October 1 (of the prior calendar year) to September 30 (current calendar year) and is available via ServiceNow CORE by the end of each calendar year (December). A Bridge Letter is provided between audit periods so that the company is covered for the entire year."
official-servicenow-trust-pricing-partners-level2.json,,,2,White Paper Securing the ServiceNow® AI Platform,https://www.servicenow.com/content/dam/servicenow-assets/public/en-us/doc-type/resource-center/ebook/ebk-how-servicenow-delivers-safe-and-secure-cloud-services.pdf,Securing the ServiceNow® · How ServiceNow secures and protects customer data,• ServiceNow Government Community Cloud and FedRAMP white paper
official-servicenow-trust-pricing-partners-level2.json,,,3,ServiceNow Trust and Compliance Center - ServiceNow,https://www.servicenow.com/company/trust.html,Information security is one of the highest priorities at ServiceNow. Our Cloud meets rigorous standards and compliance for security assurance.,"Explore MyNow, your personalized experience for quick access to your workflows, to-do lists, and AI guided recommendations. Start your day with MyNow. ... Increase your ROI and get more value from the ServiceNow platform. Receive long-term adoption guidance and support with an Impact success plan tailored to you. Implement and optimize ServiceNow with expert help from ServiceNow and our partners."
official-servicenow-trust-pricing-partners-level2.json,,,4,ServiceNow TrustShare | Home,https://trust.servicenow.com/,"Transparent, real-time security and compliance status to continuously earn the trust of users and customers.","FedRAMPFor the US public sector, this program provides a standardized approach for assessing, monitoring, and authorizing cloud computing products and services under the Federal Information Security Management Act (FISMA). A Provisional Authorization to Operate (P-ATO) is granted at an impact level: Low, Moderate, or High. ServiceNow first achieved High P-ATO in 2019. ... Request access and we can share more information about our trust and compliance program.Request Access"
official-servicenow-trust-pricing-partners-level2.json,,,5,"Trust, Privacy & Compliance","https://www.servicenow.com/community/s/cgfwn76974/attachments/cgfwn76974/now-platform-kb/2384/17/Trust,%20Privacy,%20and%20Compliance.pdf","Compilation of all articles from the Knowledge Base · Trust, Privacy & Compliance",US Public Sector / FedRamp .....................................................................................................
official-servicenow-trust-pricing-partners-level2.json,,,6,SOC 2 Accelerator - ServiceNow Store,https://store.servicenow.com/store/app/afb277221be46a50a85b16db234bcb9a,ServiceNow App Store: SOC 2 Accelerator by Aprio Advisory Group LLC - Systems and Organization Controls 2,"The SOC 2 Accelerator is a powerful tool designed to automate and simplify SOC 2 compliance, enhancing security and streamlining processes for organizations. Built on ServiceNow platform using the Systems and Organization Controls 2 (SOC 2) framework, the accelerator streamlines the process of meeting stringent security required for SOC 2 compliance. By leveraging ServiceNow's robust capabilities for risk assessment, policy, compliance, and rich audit features, this accelerator ensures organizations can easily maintain compliance with SOC 2 standards."
official-servicenow-trust-pricing-partners-level2.json,,,7,White Paper ServiceNow® Security Best Practices Guide,https://www.servicenow.com/content/dam/servicenow-assets/public/en-us/doc-type/resource-center/white-paper/instance-security-best-practice.pdf,"Each section is structured around the categories of Governance, Identify, Protect, Detect, · The CSF is a set of voluntary guidelines, standards, and practices made available by NIST, · As the data controller, the customer is responsible for determining how data is collected, stored, used, ...","• Assess whether to use Step-Up MFA for high-risk access and Step-Down MFA when trust exists. ... When utilizing Single Sign-On (SSO), ensure that at least one Account recovery (ACR) administrator is registered prior to · activation. This precaution secures fallback access to critical systems should primary authentication methods become · misconfigured or unavailable. Thoroughly document all ACR procedures, limit access strictly to authorized personnel, and regularly audit ACR usage to uphold strong security standards."
official-servicenow-trust-pricing-partners-level2.json,,,8,ServiceNow Trust and Compliance Center - ServiceNow,https://servicenow.com/company/trust/privacy-and-compliance/compliance-certifications/SSAE-16-SOC1-Type-2.html,Information security is one of the highest priorities at ServiceNow. Our Cloud meets rigorous standards and compliance for security assurance.,"Explore MyNow, your personalized experience for quick access to your workflows, to-do lists, and AI guided recommendations. Start your day with MyNow. ... Increase your ROI and get more value from the ServiceNow platform. Receive long-term adoption guidance and support with an Impact success plan tailored to you. Implement and optimize ServiceNow with expert help from ServiceNow and our partners."
official-servicenow-trust-pricing-partners-level2.json,,,9,ServiceNow AI Platform Compliance,https://www.servicenow.com/au/company/trust/compliance.html,We consistently ensure that we conform to all of the common compliance frameworks to establish security and compliance on a continuous basis.,"ServiceNow has also undertaken an annual SOC 2 Type 2 attestation since 2013, relevant to security, availability and confidentiality controls listed in the AICPA Trust Services Criteria (TSC). ServiceNow's SOC 2 report covers the period 1 October (of the prior calendar year) to 30 September (current calendar year) and is available via ServiceNow CORE by the end of each calendar year (December). A Bridge Letter is provided between audit periods so that the company is covered for the entire year."
official-servicenow-trust-pricing-partners-level2.json,,,10,White Paper ServiceNow®— A Secure Platform for Financial Services,https://www.servicenow.com/content/dam/servicenow-assets/public/en-us/doc-type/resource-center/white-paper/wp-security-for-financial-services.pdf,"for Financial Services · Understanding the security, resilience, and",The ServiceNow AI Platform is available for highly regulated markets and can adhere to strict data residency requirements.
official-uipath-trust-pricing-partners-level2.json,,,1,Agentic Automation Security and Governance | UiPath,https://www.uipath.com/platform/agentic-automation/foundation,"Discover how the UiPath Platform delivers auditing, compliance, and governance, plus secure integrations and easy-to-use tools for every developer.","The UiPath Platform provides auditing, compliance, and governance, as well as secure integration services and easy-to-use tools for every developer. ... With trust, choice, and visibility built in, you define the guardrails–and we enforce them. ... Work with your preferred technologies, including third-party AI models, agent ecosystems, and enterprise systems and applications."
official-uipath-trust-pricing-partners-level2.json,,,2,ISO/IEC 42001:2023 ushers in a new era of trusted agentic automation ...,https://www.uipath.com/blog/product-and-updates/iso-iec-42001-2023-certification-trusted-agentic-automation,"Learn how UiPath added more trust into agentic automation with ISO/IEC 42001:2023, the new global standard for secure, transparent, and responsible AI.","Agentic governance: guardrails that keep agents, robots, and workflows safe, with jailbreak defenses, personally identifiable information (PII) protection, and policy-first controls · IT governance: policies that protect data regardless of actor, with data loss prevention, unified audit trails, and natural language policy creation via UiPath Autopilot™ · Infrastructure governance: encryption, customer-managed keys, and strict data residency to meet sovereignty and compliance needs"
official-uipath-trust-pricing-partners-level2.json,,,3,Trust and Security – Built for Secure Agentic Scale | UiPath,https://www.uipath.com/legal/trust-and-security,"Experience UiPath Trust and security: zero-trust architecture, scalable governance, and compliance-ready protection that safeguards your data, actions & outcomes.","Discover our Global Partner Code of Conduct, our compliance standards, and our certifications and attestations.Find out more"
official-uipath-trust-pricing-partners-level2.json,,,4,Automation Cloud - Data security and compliance,https://docs.uipath.com/automation-cloud/automation-cloud/latest/admin-guide/data-security-and-compliance,"Security design and compliance posture of UiPath cloud platforms, including data protection principles, security attestations, and ongoing security operations.","Access control: Access to the FedRAMP-compliant environment is strictly limited to US permanent residents and citizens located within US soil, reinforcing data security."
official-uipath-trust-pricing-partners-level2.json,,,5,UiPath Automation Suite™ Delivers On-Premises Agentic AI for ...,https://www.uipath.com/newsroom/uipath-automation-suite-delivers-agentic-ai-for-public-sector,"UiPath announced the release of agentic AI capabilities on UiPath Automation Suite™, helping government agencies and regulated industries accelerate agentic AI and automation adoption while meeting strict data sovereignty and compliance requirements.","Trust and governance: A unified governance model spans agentic, IT, and infrastructure controls – enabling the operation of AI agents within defined policies, with full auditability, data protection, and compliance. UiPath meets leading standards, including ISO/IEC 42001, FedRAMP, and AIUC-1."
official-uipath-trust-pricing-partners-level2.json,,,6,Governance and security for the agentic enterprise: new in the ...,https://www.uipath.com/blog/product-and-updates/agentic-enterprise-governance-and-security-2025-10-release,"See what’s new in UiPath 2025.10 governance—agentic guardrails, in-flight PII masking, unified audit, and BYO LLM controls that enhance AI safety and compliance.","Beneath this sits IT governance, which manages access, identity, and collaboration across people, robots, and agents. Role-based controls, folder permissions, and unified audit capabilities ensure that every automation operates under intentional and traceable authorization. Finally, infrastructure governance provides the foundation. It enforces encryption standards, data-residency requirements, network isolation, and compliance alignment with frameworks such as GDPR, FedRAMP, and ISO 27001."
official-uipath-trust-pricing-partners-level2.json,,,7,"UiPath Achieves AIUC-1 Certification, Setting New Standard for ...",https://ir.uipath.com/news/detail/430/uipath-achieves-aiuc-1-certification-setting-new-standard-for-ai-agent-security-and-reliability,Agentic Automation leader becomes the first enterprise automation platform to meet independent verification standard for safe AI agent…...,"Founded by experts with experience at organizations like Anthropic and developed with Orrick, Stanford, the Cloud Security Alliance, MIT, and MITRE, AIUC-1 is the first comprehensive security, safety, and reliability standard for AI agents. About Schellman Schellman is a leading global provider of attestation and compliance services, enabling enterprises to build trust, meet regulatory demands, and scale with confidence. By combining technical depth, worldwide reach, and operational discipline, Schellman delivers industry-recognized assessments — including SOC, ISO, FedRAMP, PCI, HITRUST, CMMC, and AI governance — that help the world's most demanding organizations satisfy customers and unlock growth."
official-uipath-trust-pricing-partners-level2.json,,,8,AgentOps and operationalizing AI agents for the enterprise | UiPath,https://www.uipath.com/blog/ai/agent-ops-operationalizing-ai-agents-for-enterprise,"AgentOps is the new discipline for running AI agents in production. Learn best practices for governance, observability, tool control, human oversight, and cost management, plus how UiPath supports them.","IT governance: UiPath provides identity for runnable artifacts, trace role-based access control (RBAC), personally identifiable information (PII) in-flight detection, and data governance to protect sensitive agentic automations. Access is intentional and transparent. Infrastructure governance: data residency, encryption, network boundaries, security hardening, and compliance with standards like General Data Protection Regulation (GDPR), Health Insurance Portability and Accountability Act of 1996 (HIPAA), Federal Risk and Authorization Management Program (FedRAMP®), and ISO 27001."
official-uipath-trust-pricing-partners-level2.json,,,9,UiPath Automation Cloud Achieves SOC 2 Type 1 Certification | UiPath,https://www.uipath.com/newsroom/uipath-automation-cloud-achieves-soc-2-type-1-certification,UiPath today announced its Automation Cloud has received its System and Organization Controls 2 (SOC 2) Type 1 certification.,"For more details about UiPath trust and security initiatives, please visit the Trust and Security Center on UiPath.com. UiPath (NYSE: PATH) is a global leader in agentic automation, empowering enterprises to harness the full potential of AI agents to autonomously execute and optimize complex business processes."
official-uipath-trust-pricing-partners-level2.json,,,10,Complete cloud-based enterprise automation solution | UiPath,https://www.uipath.com/product/automation-cloud,Learn how UiPath cloud-based automation platform is transforming organizations’ approach through RPA technology managed in the cloud. Discover the benefits of UiPath Automation Cloud.,"Every service in-scope for regular audit and verification: SOC 1 Type 2, SOC 2 Type 2, ISO 9001, ISO/IEC 27001, HIPAA, FedRAMP Moderate and StateRAMP"
official-walkme-trust-pricing-partners-level2.json,,,1,WalkMe Security,https://www.walkme.com/walkme-security/,"Rest assured that user and customer data is safe with WalkMe. The WalkMe platform is in compliance with the most extensive security standards, undergoes pen-tests routinely, and is monitored by dedicated teams. Learn more about WalkMe Security.","WalkMe attained compliance certifications and attestations (listed below) assessed by third- parties and independent auditors. WalkMe is committed to comply with global laws and regulations, including EU- GDPR as a data processor, and US- CCPA, as Service Provider, in the provision of WalkMe’s services to its customers. WalkMe follows compliance alignments and frameworks' requirements for specific purposes or industries, such as NIST, CSA, GxP (FDA CFR 21 Part 11) or MPAA. WalkMe achieved FedRAMP- Ready approval from the US federal government after passing standardized security assessments, authorization, and monitoring procedures."
official-walkme-trust-pricing-partners-level2.json,,,2,Service Organization Controls 3 Report,https://www.walkme.com/wp-content/uploads/2023/03/GT-AICPA-SSAE18-SOC-3-Type-II-Report-1_63be6357.pdf,"Service Organization Controls 3 · For the Period from October 1st, 2020 to September 30th, 2021","through inspection of third-party ISO certifications and SOC 2 reports. In the case that WalkMe identifies · any deviations in the performance of sub-processor controls, findings are evaluated by WalkMe and · discussed with the vendor upon completion of the audit."
official-walkme-trust-pricing-partners-level2.json,,,3,"Copyright © 2021 Everest Global, Inc. This document has been ...",https://www.walkme.com/wp-content/uploads/2021/08/Everest-Group-Digital-Adoption-Platform-DAP-Products-PEAK-Matrix%C2%AE-Assessment-with-Technology-Vendor-Landscape-2021_Licensed-by-WalkMe.pdf,"Copyright © 2021 Everest Global, Inc · This document has been licensed to WalkMe","The company has a strong partnership ecosystem that includes SIs such as Accenture and TCS, ISVs such as Microsoft, Icertis, SAP, and Oracle to incorporate Whatfix into their solutions"
official-walkme-trust-pricing-partners-level2.json,,,4,Improve Data Integrity and Compliance - WalkMe Help Center,https://support.walkme.com/knowledge-base/improve-data-integrity-and-compliance/,"Learn how WalkMe helps validate and enforce data inputs, improving data integrity and compliance.",WalkMe US Customer & Partner WalkMe EU Customer & Partner SAP US Customer & Partner SAP EU Customer & Partner Canada FedRAMP Mobile Partner (w/ no editor access)
official-walkme-trust-pricing-partners-level2.json,,,5,Digital Adoption Platform Pricing - WalkMe,https://www.walkme.com/pricing/,"Take advantage of WalkMe’s versatile digital adoption platform pricing to deliver great user experiences and improve training, productivity, and retention.","Streamline workflows, reduce errors, and ease the transition from ECC to S/4HANA, with DAP support for SAP GUI for Windows (v7.70 and higher, 32/64 bit) and SAP Business Client."
official-walkme-trust-pricing-partners-level2.json,,,6,7 Best SAP Data Extraction Tools in 2026,https://www.walkme.com/blog/sap-data-extraction-tools/,Review the leading SAP data extraction tools and learn how to select the one that supports intelligent decision-making.,"Robust data protection: This tool offers advanced security measures and compliance with industry standards, including SOC2, HIPAA, and GDPR. Vast connector library: Over 500 pre-built connectors provide integration with databases and file storage systems. Best For: Everyone, including small businesses to large companies, who want to manage data without needing to code. Hevo Data is a no-code platform that automates moving data from different sources to a data warehouse or other destinations. It saves time by automating your data ecosystem, freeing engineers from manual work."
official-walkme-trust-pricing-partners-level2.json,,,7,Top 19 Digital Transformation Platforms,https://www.walkme.com/blog/digital-transformation-platforms/,"Discover the top 19 digital transformation platforms to elevate your business, streamline operations, and drive innovation in today’s competitive market.","Extensive app ecosystem: Connect thousands of popular apps to create custom automated workflows. Code-free automation: Build complex automation without writing a single line of code. Robust security and compliance: Protect sensitive data with features like SSO, advanced permissions, and regular security audits."
official-walkme-trust-pricing-partners-level2.json,,,8,MASTER SAAS AGREEMENT - WalkMe - Digital Adoption Platform,https://www.walkme.com/customer-subscription-august2020/,"WalkMe’s customer subscription agreement provides definitions, describes various services, details privacy and data protection protocols, and explains customer obligations. Click here to read more.","5.4. Security. WalkMe complies with security standards, such as encryption of data in motion over public networks and auditing standards (such as SOC 2 and ISO 27001:2013). Furthermore, Customer’s information is stored with logical separation from information of other customers."
official-walkme-trust-pricing-partners-level2.json,,,9,Why WalkMe for enterprise digital transformation?,https://www.walkme.com/why-walkme/,WalkMe is the industry leading Digital Adoption Platform (DAP) for enterprises to remove points of digital friction from employee experiences.,"As the pioneer and leader in digital adoption, we have the most customers, the most trained partners, the largest pool of certified professionals, and the resources of SAP to drive continuous innovation."
official-walkme-trust-pricing-partners-level2.json,,,10,WALKME MASTER LICENSE AND SERVICES AGREEMENT - WalkMe - Digital ...,https://www.walkme.com/customer-subscription/,"WalkMe’s customer subscription agreement provides definitions, describes various services, details privacy and data protection protocols, and explains customer obligations. Click here to read more.","5.3. Security. WalkMe complies with security standards, such as encryption of data in motion over public networks and auditing standards (such as SOC 2 and ISO 27001:2013). Furthermore, Customer’s information is stored with logical separation from information of other customers."
official-whatfix-trust-pricing-partners-level2.json,,,1,Whatfix is Now SOC 2 Certified! - Whatfix,https://whatfix.com/newsroom/press-releases/whatfix-soc2-certified/,"Whatfix Named a Leader in The Forrester Wave™: Digital Adoption Platforms, Q4 2024 Read the full report now → · ← Back to Press Release","In addition to SOC 2, Whatfix has already been certified compliant to ISO 27001:2013 standards for information security management. The SOC 2 audit verifies the effectiveness of controls pertaining to the trust service principles of security, availability, processing integrity, confidentiality, and privacy."
official-whatfix-trust-pricing-partners-level2.json,,,2,12 Must-Haves While Choosing a Digital Adoption Platform (2026),https://whatfix.com/blog/choosing-right-digital-adoption-platform/,Digital adoption is at the top of boardroom agendas. Read our list of must-haves while choosing a digital adoption platform for your company.,"Core capabilities include in-app guidance, cross-application support, analytics, content integration, role-based segmentation, surveys, and feedback. Enterprises should also evaluate governance, SSO, SCIM, RBAC, audit trails, and vendor security certifications like SOC 2 and ISO 27001."
official-whatfix-trust-pricing-partners-level2.json,,,3,Why Enterprises Trust Whatfix for their Digital Adoption - Whatfix,https://whatfix.com/why-whatfix/,"Whatfix is trusted by companies of all sizes, from multinational Fortune 500 companies to SaaS-based product companies for their digital adoption needs. Whatfix digital guidance makes your employees proficient users of your enterprise applications.","Adopt the product that Fortune 500 clients trust. We’re ISO 27001 and SOC 2 certified, and GDPR compliant."
official-whatfix-trust-pricing-partners-level2.json,,,4,Whatfix Blog | The Hub for Digital Adoption Insights,https://whatfix.com/blog/whatfix-soc2-certified,"Expand your knowledge on how to realize the vision from technology on the Clickthru Blog, from the digital adoption experts at Whatfix.",
official-whatfix-trust-pricing-partners-level2.json,,,5,Security Framework Policy - Whatfix,https://whatfix.com/security-framework-policy/,Looking for different solution? Talk to Sales · Accelerate workflows & unlock productivity with in‑app guidance and support,
official-whatfix-trust-pricing-partners-level2.json,,,6,10 Best Product Analytics Tools in 2026 - Whatfix,https://whatfix.com/blog/best-product-analytics-tools/,"Discover the 10 best product analytics software tools in 2026. Compare features, use cases, and learn why Whatfix Product Analytics is the category leader.","Real-time data access enables agile decision-making, while enterprise-grade compliance standards, such as SOC 2, GDPR, CCPA, and HIPAA, protect user data and maintain organizational trust."
official-whatfix-trust-pricing-partners-level2.json,,,7,Whatfix Blog | The Hub for Digital Adoption Insights,https://blog.whatfix.com/whatfix-soc2-certified,"Expand your knowledge on how to realize the vision from technology on the Clickthru Blog, from the digital adoption experts at Whatfix.",
official-whatfix-trust-pricing-partners-level2.json,,,8,Set up Single Sign On,https://support.whatfix.com/docs/whatfix-single-sign-on,Fetch the complete documentation index at: https://support.whatfix.com/llms.txt · Use this file to discover all available pages before exploring further,"If you have published Whatfix content on your application, the End-user authentication feature prompts your end users to authenticate themselves with valid credentials using your organization’s Single Sign-on (SSO). For more information, see Set up End-User Authentication (opens in new tab). An Identity Provider (IdP) is an authority system that holds and verifies the user authentication information. Whatfix interacts with your IdP and trusts the information provided by the IdP to gain access to the application."
official-whatfix-trust-pricing-partners-level2.json,,,9,7 Best Digital Adoption Platforms for Enterprise Teams (2026) - ...,https://whatfix.com/digital-adoption-platform/,"Compare the best digital adoption platforms for enterprise teams, including governance, analytics, and multi-app support for complex software rollouts.",Trusted by Enterprises.
official-whatfix-trust-pricing-partners-level2.json,,,10,Whatfix R2E Partner Program - Join our Network Today!,https://whatfix.com/partners/services-partner-program/,Join the community of industry leaders that drive digital adoption of leading enterprise applications by enhancing user experience and productivity while reducing support and training costs.,"Rise2Excellence (R2E) isn’t just a program, it’s a philosophy. We believe in extending our “Customer-first” approach to include our partners. By fostering a foundation of trust, transparency, and mutual respect, we cultivate strong, ethical partnerships."
official-workato-trust-pricing-partners-level2.json,,,1,Workato Platform Features and Benefits | Workato,https://www.workato.com/platform,"Experience Workato's enterprise orchestration platform designed for powerful integrations and automation, connecting your business efficiently and securely.","From BYOK and hourly key rotation to container isolation and full audit trails, Workato offers end-to-end protection aligned with enterprise compliance standards like SOC 2, ISO 27001, and PCI."
official-workato-trust-pricing-partners-level2.json,,,2,Security | Workato docs,https://docs.workato.com/security.html,"Explore Workato security features for access and authentication, data protection, and best practices that give you control over key security controls.","Customers using a SAML-based SSO provider can use just-in-time provisioning to automatically create Workato users. This eliminates the need to manually configure user accounts and further enhances the enforcement of security policies. For more information, see Team collaboration - Just in time provisioning. To minimize the risk of data exposure, Workato follows the principle of least privilege through a role-based access control (RBAC) model when provisioning system access."
official-workato-trust-pricing-partners-level2.json,,,3,Security FAQs | Workato docs,https://docs.workato.com/security/security-faqs.html,"Get answers to frequently asked security questions · Workato has a comprehensive approach to security, including a complete security program with documented policies and procedures, verified by an annual audit, secure development and testing, a secure and scalable infrastructure, and product ...","SOC 1 Type II, SOC 2 Type II, and SOC 3: Audited controls for financial and security integrity. HIPAA: Healthcare data protection, with Business Associate Agreements (BAAs) available. IRAP: Strict cybersecurity standards aligned to Australian government requirements. NIST 800-171A r2: Controlled Unclassified Information (CUI) protection for federal contractors, partners, and subcontractors."
official-workato-trust-pricing-partners-level2.json,,,4,Process automation | Workato docs,https://docs.workato.com/process-automation.html,"Workato process automation lets organizations design, run, and manage no-code workflows that connect apps and data across cloud and on-premises systems.","Workato allows automatic creation of user accounts using SAML-based SSO, aligning with security policies. Role-based access control (RBAC) implements the principle of least privilege, minimizing data exposure risk."
official-workato-trust-pricing-partners-level2.json,,,5,Workato FAQs | Workato docs,https://docs.workato.com/workato-faqs.html,Get answers to frequently asked questions (FAQs) about Workato · Workato is an intelligent automation platform that enables both business and IT teams to integrate apps and automate business workflows without compromising security and governance,"Workato follows industry-standard security practices, including encryption of data in transit and at rest, role-based access control (RBAC), and audit logs. Workato maintains the following compliance frameworks: PCI-DSS v4.0.1 − Level 1: Secure cardholder data. ISO 27001, 27701 & 42001: Information, privacy, and AI management aligned with global standards. SOC 1 Type II, SOC 2 Type II, and SOC 3: Audited controls for financial and security integrity."
official-workato-trust-pricing-partners-level2.json,,,6,Security compliance | Workato docs,https://docs.workato.com/security/security-compliance.html,"Workato prioritizes data security and regulatory compliance, ensuring that users can rely on our platform to automate workflows and integrate applications without compromising sensitive data · Workato maintains comprehensive security compliance frameworks to safeguard customer data.","SOC 1 Type II, SOC 2 Type II, and SOC 3: Audited controls for financial and security integrity. HIPAA: Healthcare data protection, with Business Associate Agreements (BAAs) available. IRAP: Strict cybersecurity standards aligned to Australian government requirements. NIST 800-171A r2: Controlled Unclassified Information (CUI) protection for federal contractors, partners, and subcontractors."
official-workato-trust-pricing-partners-level2.json,,,7,"A Guide to Workato Data Residency, Security, and Compliance",https://www.workato.com/the-connector/data-protection-measures/,"Learn how Workato supports data residency, security, and compliance with EU data centers, encryption, audit logs, and GDPR standards.","The data your applications collect and store is often extremely sensitive. Your HRIS likely has identifiable information on employees, like..."
official-workato-trust-pricing-partners-level2.json,,,8,Workato vs Jitterbit: Which Integration Platform Wins for Enterprise?,https://www.workato.com/the-connector/workato-vs-jitterbit/,"If you are evaluating integration and automation platforms in 2025, Workato and Jitterbit will likely be on your shortlist. Which wins?",Workato vs. Jitterbit: Which Integration & Automation Platform Wins for the Enterprise? If you are evaluating integration and automation platforms...
official-workato-trust-pricing-partners-level2.json,,,9,"Agent Studio | Build, Deploy & Govern Enterprise-Ready AI Agents ...",https://www.workato.com/agentstudio,"Scale AI enterprise-wide with Agent Orchestration—automate multi-agent workflows, trigger event-driven actions, and maintain control with enterprise security.","Genies orchestrate multi-step actions across 12,000+ applications, automating end-to-end business processes with repeatable, trusted actions. Patented user authorization, complete auditability, and fully managed MCP servers ensure every action is secure, compliant, and controlled at scale."
official-workato-trust-pricing-partners-level2.json,,,10,"Workato Enterprise MCP | Secure, Scalable Agent Access to Enterprise ...",https://www.workato.com/agentic/mcp,"Workato Enterprise MCP provides AI agents secure, governed access to 12,000+ apps, verified user access, unified orchestration, and instant AI enablement.","Become an agentic enterprise fast by enabling all of your apps and systems with trusted MCP servers, so agents can safely take real actions ... Agent actions inherit the authenticated user's identity, enforcing role-based access control and maintaining audit trails automatically."
onboarding-project-competitors-level2.json,,,1,5 Best Rocketlane Alternatives for Customer Onboarding (2026),https://www.valuecase.com/articles/rocketlane-alternatives,"The best Rocketlane alternatives for B2B SaaS customer onboarding in 2026. If you don't need an all-in-one PSA, Valuecase delivers the onboarding experience without the overhead, plus GUIDEcx, Kantata and Ruddr for billable services teams.","Where Rocketlane leans into services financials – timesheets, rate cards, margin tracking – GUIDEcx leans into implementation project management and governance at scale. The decision between them usually comes down to whether your priority is billing-and-resourcing or project-control-and-governance. Kantata (formed from the Mavenlink and Kimble merger) is the heaviest option in the PSA category – enterprise-scale professional services automation with deep resource management, project accounting, and financial forecasting, plus integrations with ERPs like NetSuite and Workday."
onboarding-project-competitors-level2.json,,,2,Best customer onboarding tools for 2026 | Rocketlane,https://www.rocketlane.com/blogs/customer-onboarding-tools,"Top customer onboarding tools for 2026, including Rocketlane, Gainsight, GuideCX, Dock, Appcues, Pendo, and Userpilot. Comparison for PS leaders in 2026.","IT services and systems integration firms replacing Smartsheet + Certinia or Kantata combinations · PS teams that need a client portal as a competitive differentiator in enterprise sales · Global implementation teams requiring multi-currency billing, GDPR compliance, and AI-powered delivery governance · Teams under PE pressure to improve billable utilization and margin visibility without adding headcount ... GuideCX is a customer onboarding platform with structured project management, customer-facing task lists, and CRM integration."
onboarding-project-competitors-level2.json,,,3,Onboarding Competitors,https://www.rocketlane.com/lp/onboarding-competitors,"Rocketlane PSA helps services firms track time & expenses, manage projects, schedule resources, increase profit margins, making it the #1 Scoro alternative.","vs Guidecxvs Kantatavs Certiniavs Smartsheet vs Planviewvs Mondayvs Asana · Contact us · 3524, Silverside Suite 35B Wilmington, Delaware 19810-4929 · +1 260 632-7586 · care@rocketlane.com ·"
onboarding-project-competitors-level2.json,,,4,Best customer onboarding software for SaaS and tech companies in 2026,https://www.valuecase.com/articles/best-customer-onboarding-software-2026-for-saas-companies,"We compared the best customer onboarding platforms for SaaS companies in 2026 across five categories – customer onboarding platforms, enterprise PSA, digital adoption, customer success, and product analytics. Find the right fit for your team's setup, CRM stack, and pricing reality.","Where Rocketlane leans into services financials (timesheets, rate cards, margin tracking), GUIDEcx leans more into implementation project management at scale. If you're picking between the two, the decision often comes down to whether your priority is billing-and-resourcing or project-control-and-governance. Kantata (formed from the merger of Mavenlink and Kimble) is the heaviest option in the PSA category – enterprise-scale professional services automation with deep resource management, project accounting, and financial forecasting."
onboarding-project-competitors-level2.json,,,5,10 Best Customer Onboarding Software for 2026 – GUIDEcx,https://www.guidecx.com/blog/10-best-customer-onboarding-platforms-for-2026/,"After hundreds of conversations with implementation teams, we've evaluated the best customer onboarding platforms for 2026. Check out the rankings.","Where Rocketlane stands out is in connecting customer-facing delivery to back-office services execution, giving teams a single place to coordinate projects, capture effort, and run predictable services delivery at scale. Services organizations that need to closely track capacity and resourcing will find Rocketlane to be a fit."
onboarding-project-competitors-level2.json,,,6,GUIDEcx Competitors: 10 Best Alternatives in 2026,https://www.rocketlane.com/blogs/guidecx-competitors,"Compare top GUIDEcx competitors like Rocketlane, Asana, ClickUp, and monday.com. See how GUIDEcx alternatives stack up on AI, integrations, and onboarding.","A bad customer onboarding experience is the biggest driver of churn in the entire customer journey. In fact, 63% of customers consider a company’s onboarding program when making a purchasing decision · That’s why most teams start searching for GUIDEcx alternatives. GUIDEcx was built for linear onboarding."
onboarding-project-competitors-level2.json,,,7,11 Best Rocketlane Alternatives in 2026: Features & Pricing,https://assembly.com/blog/rocketlane-alternatives,"Rocketlane alternatives cover onboarding, project management, and client delivery. Here are the 11 I'd recommend after researching dozens of options in 2026.","The right Rocketlane alternative depends on how structured your delivery workflow is, how important the client-facing experience is, and whether you need PSA-level features like resource and financial management. ... GUIDEcx if you want a dedicated onboarding platform that gives both your team and your clients full project visibility."
onboarding-project-competitors-level2.json,,,8,Top 10 Rocketlane Alternatives & Competitors in 2026 | G2,https://www.g2.com/products/rocketlane-corp/competitors/alternatives,"The best Rocketlane alternatives are GUIDEcx, monday AI Work Platform, and Asana. Find top-ranking free & paid apps similar to Rocketlane for your Professional Services Automation Software needs. Read the latest reviews, pricing details, and features.","The best alternatives to Rocketlane based on G2 user review data are GUIDEcx (4.6/5 stars, 461 reviews), monday Work Management (4.7/5 stars, 15,428 reviews), Asana (4.4/5 stars, 13,672 reviews), and Kantata Professional Services Automation (4.2/5 stars, 1,512 reviews). GUIDEcx is praised for its customer onboarding focus and seamless integration with Salesforce and Slack."
onboarding-project-competitors-level2.json,,,9,Best Customer Onboarding Automation Tools for Revenue Operations ...,https://www.redbricklabs.io/blog/best-customer-onboarding-automation-tools-for-revenue-operations-teams,"Compare customer onboarding automation tools for RevOps by handoff quality, portals, milestones, CRM fit, CS workflows, adoption, and controls.","The best customer onboarding automation tools for revenue operations teams today include GUIDEcx, Rocketlane, Dock, Arrows, HubSpot Service Hub, Gainsight, ChurnZero, Vitally, Planhat, and Userflow. GUIDEcx and Rocketlane are strongest for implementation-heavy onboarding."
onboarding-project-competitors-level2.json,,,10,Best Customer Onboarding Portal Software in 2026,https://www.rocketlane.com/blogs/customer-onboarding-portal,"Compare the 6 best customer onboarding portal tools for 2026 on features, pricing, and strong fit for professional services teams.","This guide compares the seven best customer onboarding portal platforms in 2026, including Rocketlane, GuideCX, Arrows, Dock, Clinked, and Monday.com, and explains which teams each platform is best suited for."
